
///////////////////////////////////
// Efinity Synthesis Started 
// Jun 03, 2026 16:32:54
///////////////////////////////////

[EFX-0012 VERI-INFO] default VHDL library search path is now "/home/curtis-button/eda/efinity/2025.2/sim_models/vhdl/packages/vhdl_2008" (VHDL-1504) 
[EFX-0012 VERI-INFO] compiling module 'SpinalNNTop' (VERI-1018) (/home/curtis-button/projects/spinalnn/rtl/flat/SpinalNNTop.v:6)
[EFX-0012 VERI-INFO] extracting RAM for identifier 'conv1_inputBuf_0' (VERI-2571) (/home/curtis-button/projects/spinalnn/rtl/flat/SpinalNNTop.v:413)
[EFX-0012 VERI-INFO] extracting RAM for identifier 'conv1_weightRom_0' (VERI-2571) (/home/curtis-button/projects/spinalnn/rtl/flat/SpinalNNTop.v:414)
[EFX-0012 VERI-INFO] extracting RAM for identifier 'conv1_biasRom' (VERI-2571) (/home/curtis-button/projects/spinalnn/rtl/flat/SpinalNNTop.v:415)
[EFX-0012 VERI-INFO] extracting RAM for identifier 'pool1_inputBuf' (VERI-2571) (/home/curtis-button/projects/spinalnn/rtl/flat/SpinalNNTop.v:416)
[EFX-0012 VERI-INFO] extracting RAM for identifier 'conv2_inputBuf_0' (VERI-2571) (/home/curtis-button/projects/spinalnn/rtl/flat/SpinalNNTop.v:417)
[EFX-0012 VERI-INFO] extracting RAM for identifier 'conv2_weightRom_0' (VERI-2571) (/home/curtis-button/projects/spinalnn/rtl/flat/SpinalNNTop.v:418)
[EFX-0012 VERI-INFO] extracting RAM for identifier 'conv2_biasRom' (VERI-2571) (/home/curtis-button/projects/spinalnn/rtl/flat/SpinalNNTop.v:419)
[EFX-0012 VERI-INFO] extracting RAM for identifier 'pool2_inputBuf' (VERI-2571) (/home/curtis-button/projects/spinalnn/rtl/flat/SpinalNNTop.v:420)
[EFX-0012 VERI-INFO] extracting RAM for identifier 'linear1_inputBuf' (VERI-2571) (/home/curtis-button/projects/spinalnn/rtl/flat/SpinalNNTop.v:421)
[EFX-0012 VERI-INFO] extracting RAM for identifier 'linear1_weightRom' (VERI-2571) (/home/curtis-button/projects/spinalnn/rtl/flat/SpinalNNTop.v:422)
[EFX-0012 VERI-INFO] extracting RAM for identifier 'linear1_biasRom' (VERI-2571) (/home/curtis-button/projects/spinalnn/rtl/flat/SpinalNNTop.v:423)
[EFX-0011 VERI-WARNING] net 'conv1_weightRom_0' does not have a driver (VDB-1002) (/home/curtis-button/projects/spinalnn/rtl/flat/SpinalNNTop.v:414)
[EFX-0011 VERI-WARNING] net 'conv1_biasRom' does not have a driver (VDB-1002) (/home/curtis-button/projects/spinalnn/rtl/flat/SpinalNNTop.v:415)
[EFX-0011 VERI-WARNING] net 'conv2_weightRom_0' does not have a driver (VDB-1002) (/home/curtis-button/projects/spinalnn/rtl/flat/SpinalNNTop.v:418)
[EFX-0011 VERI-WARNING] net 'conv2_biasRom' does not have a driver (VDB-1002) (/home/curtis-button/projects/spinalnn/rtl/flat/SpinalNNTop.v:419)
[EFX-0011 VERI-WARNING] net 'linear1_weightRom' does not have a driver (VDB-1002) (/home/curtis-button/projects/spinalnn/rtl/flat/SpinalNNTop.v:422)
[EFX-0011 VERI-WARNING] net 'linear1_biasRom' does not have a driver (VDB-1002) (/home/curtis-button/projects/spinalnn/rtl/flat/SpinalNNTop.v:423)
[EFX-0000 INFO] ... Setting Synthesis Option: mode=speed
[EFX-0012 VERI-INFO] compiling module 'EFX_ADD' (VERI-1018) (/home/curtis-button/eda/efinity/2025.2/sim_models/maplib/efinix_maplib.v:8)
[EFX-0012 VERI-INFO] compiling module 'EFX_FF' (VERI-1018) (/home/curtis-button/eda/efinity/2025.2/sim_models/maplib/efinix_maplib.v:21)
[EFX-0012 VERI-INFO] compiling module 'EFX_COMB4' (VERI-1018) (/home/curtis-button/eda/efinity/2025.2/sim_models/maplib/efinix_maplib.v:38)
[EFX-0012 VERI-INFO] compiling module 'EFX_GBUFCE' (VERI-1018) (/home/curtis-button/eda/efinity/2025.2/sim_models/maplib/efinix_maplib.v:48)
[EFX-0012 VERI-INFO] compiling module 'EFX_LUT4' (VERI-1018) (/home/curtis-button/eda/efinity/2025.2/sim_models/maplib/efinix_maplib.v:57)
[EFX-0012 VERI-INFO] compiling module 'EFX_MULT' (VERI-1018) (/home/curtis-button/eda/efinity/2025.2/sim_models/maplib/efinix_maplib.v:65)
[EFX-0012 VERI-INFO] compiling module 'EFX_DSP48' (VERI-1018) (/home/curtis-button/eda/efinity/2025.2/sim_models/maplib/efinix_maplib.v:100)
[EFX-0012 VERI-INFO] compiling module 'EFX_DSP24' (VERI-1018) (/home/curtis-button/eda/efinity/2025.2/sim_models/maplib/efinix_maplib.v:156)
[EFX-0012 VERI-INFO] compiling module 'EFX_DSP12' (VERI-1018) (/home/curtis-button/eda/efinity/2025.2/sim_models/maplib/efinix_maplib.v:209)
[EFX-0012 VERI-INFO] compiling module 'EFX_RAM_4K' (VERI-1018) (/home/curtis-button/eda/efinity/2025.2/sim_models/maplib/efinix_maplib.v:262)
[EFX-0012 VERI-INFO] compiling module 'EFX_RAM_5K' (VERI-1018) (/home/curtis-button/eda/efinity/2025.2/sim_models/maplib/efinix_maplib.v:322)
[EFX-0012 VERI-INFO] compiling module 'EFX_DPRAM_5K' (VERI-1018) (/home/curtis-button/eda/efinity/2025.2/sim_models/maplib/efinix_maplib.v:394)
[EFX-0012 VERI-INFO] compiling module 'RAMB5' (VERI-1018) (/home/curtis-button/eda/efinity/2025.2/sim_models/maplib/efinix_maplib.v:499)
[EFX-0012 VERI-INFO] compiling module 'EFX_RAM_10K' (VERI-1018) (/home/curtis-button/eda/efinity/2025.2/sim_models/maplib/efinix_maplib.v:561)
[EFX-0012 VERI-INFO] compiling module 'EFX_RAM10' (VERI-1018) (/home/curtis-button/eda/efinity/2025.2/sim_models/maplib/efinix_maplib.v:653)
[EFX-0012 VERI-INFO] compiling module 'EFX_DPRAM10' (VERI-1018) (/home/curtis-button/eda/efinity/2025.2/sim_models/maplib/efinix_maplib.v:754)
[EFX-0012 VERI-INFO] compiling module 'EFX_SRL8' (VERI-1018) (/home/curtis-button/eda/efinity/2025.2/sim_models/maplib/efinix_maplib.v:884)
[EFX-0000 INFO] ... Pre-synthesis checks begin
[EFX-0200 WARNING] Removing redundant signal : _zz_conv1_inputBuf_0_port. (/home/curtis-button/projects/spinalnn/rtl/flat/SpinalNNTop.v:28)
[EFX-0200 WARNING] Removing redundant signal : _zz_conv1_weightRom_0_port. (/home/curtis-button/projects/spinalnn/rtl/flat/SpinalNNTop.v:30)
[EFX-0200 WARNING] Removing redundant signal : _zz_conv1_accumReg_2[2]. (/home/curtis-button/projects/spinalnn/rtl/flat/SpinalNNTop.v:33)
[EFX-0200 WARNING] Removing redundant signal : _zz_conv1_accumReg_2[1]. (/home/curtis-button/projects/spinalnn/rtl/flat/SpinalNNTop.v:33)
[EFX-0200 WARNING] Removing redundant signal : _zz_conv1_accumReg_2[0]. (/home/curtis-button/projects/spinalnn/rtl/flat/SpinalNNTop.v:33)
[EFX-0200 WARNING] Removing redundant signal : _zz_pool1_inputBuf_port. (/home/curtis-button/projects/spinalnn/rtl/flat/SpinalNNTop.v:74)
[EFX-0200 WARNING] Removing redundant signal : _zz_conv2_inputBuf_0_port. (/home/curtis-button/projects/spinalnn/rtl/flat/SpinalNNTop.v:102)
[EFX-0200 WARNING] Removing redundant signal : _zz_conv2_weightRom_0_port. (/home/curtis-button/projects/spinalnn/rtl/flat/SpinalNNTop.v:104)
[EFX-0200 WARNING] Removing redundant signal : _zz_conv2_accumReg_2[3]. (/home/curtis-button/projects/spinalnn/rtl/flat/SpinalNNTop.v:107)
[EFX-0200 WARNING] Removing redundant signal : _zz_conv2_accumReg_2[2]. (/home/curtis-button/projects/spinalnn/rtl/flat/SpinalNNTop.v:107)
[EFX-0200 WARNING] Removing redundant signal : _zz_conv2_accumReg_2[1]. (/home/curtis-button/projects/spinalnn/rtl/flat/SpinalNNTop.v:107)
[EFX-0200 WARNING] Removing redundant signal : _zz_conv2_accumReg_2[0]. (/home/curtis-button/projects/spinalnn/rtl/flat/SpinalNNTop.v:107)
[EFX-0200 WARNING] Removing redundant signal : _zz_pool2_inputBuf_port. (/home/curtis-button/projects/spinalnn/rtl/flat/SpinalNNTop.v:148)
[EFX-0200 WARNING] Removing redundant signal : _zz_linear1_inputBuf_port. (/home/curtis-button/projects/spinalnn/rtl/flat/SpinalNNTop.v:181)
[EFX-0200 WARNING] Removing redundant signal : _zz_linear1_weightRom_port. (/home/curtis-button/projects/spinalnn/rtl/flat/SpinalNNTop.v:183)
[EFX-0677 INFO] ... Memory 'conv1_inputBuf_0' is not initialized, assuming empty initial contents. (/home/curtis-button/projects/spinalnn/rtl/flat/SpinalNNTop.v:413)
[EFX-0677 INFO] ... Memory 'pool1_inputBuf' is not initialized, assuming empty initial contents. (/home/curtis-button/projects/spinalnn/rtl/flat/SpinalNNTop.v:416)
[EFX-0677 INFO] ... Memory 'conv2_inputBuf_0' is not initialized, assuming empty initial contents. (/home/curtis-button/projects/spinalnn/rtl/flat/SpinalNNTop.v:417)
[EFX-0677 INFO] ... Memory 'pool2_inputBuf' is not initialized, assuming empty initial contents. (/home/curtis-button/projects/spinalnn/rtl/flat/SpinalNNTop.v:420)
[EFX-0677 INFO] ... Memory 'linear1_inputBuf' is not initialized, assuming empty initial contents. (/home/curtis-button/projects/spinalnn/rtl/flat/SpinalNNTop.v:421)
[EFX-0000 INFO] ... Pre-synthesis checks end (Real time : 0s CPU user time : 0s CPU sys time : 0s MEM : 83824KB)
[EFX-0000 INFO] ... NameSpace init begin
[EFX-0000 INFO] ... NameSpace init end (Real time : 0s CPU user time : 0s CPU sys time : 0s MEM : 83824KB)
[EFX-0000 INFO] ... Mapping design "SpinalNNTop"
[EFX-0000 INFO] ... Hierarchical pre-synthesis "SpinalNNTop" begin
[EFX-0657 WARNING] Mapping into logic memory block 'conv1_biasRom' (256 bits) (/home/curtis-button/projects/spinalnn/rtl/flat/SpinalNNTop.v:415) because read port is not synchronous.
[EFX-0657 WARNING] Mapping into logic memory block 'conv2_biasRom' (512 bits) (/home/curtis-button/projects/spinalnn/rtl/flat/SpinalNNTop.v:419) because read port is not synchronous.
[EFX-0657 WARNING] Mapping into logic memory block 'linear1_biasRom' (320 bits) (/home/curtis-button/projects/spinalnn/rtl/flat/SpinalNNTop.v:423) because read port is not synchronous.
[EFX-0000 INFO] ... Clock Enable Synthesis Performed on 207 flops.
[EFX-0000 INFO] ... Hierarchical pre-synthesis "SpinalNNTop" end (Real time : 0s CPU user time : 0s CPU sys time : 0s MEM : 100724KB)
[EFX-0000 INFO] ... Flat optimizations begin
[EFX-0000 INFO] ... Flat optimizations end (Real time : 0s CPU user time : 0s CPU sys time : 0s MEM : 100724KB)
[EFX-0000 INFO] ... Flat synthesis begin
[EFX-0000 INFO] ... Flat synthesis end (Real time : 0s CPU user time : 0s CPU sys time : 0s MEM : 100884KB)
[EFX-0000 INFO] ... Flat optimizations begin
[EFX-0000 INFO] ... Flat optimizations end (Real time : 0s CPU user time : 0s CPU sys time : 0s MEM : 100884KB)
[EFX-0000 INFO] ... Check and break combinational loops begin
[EFX-0000 INFO] ... Check and break combinational loops end (Real time : 0s CPU user time : 0s CPU sys time : 0s MEM : 100884KB)
[EFX-0000 INFO] ... Sequential Optimization begin
[EFX-0000 INFO] ... Clock Network 'clk' with 304 loads will be considered for sequential optimization.
[EFX-0000 INFO] ... Sequential Optimization deduced 220 equivalent points.
[EFX-0000 INFO] ... Sequential Optimization end (Real time : 0s CPU user time : 1s CPU sys time : 0s MEM : 113140KB)
[EFX-0000 INFO] ... Setup for logic synthesis begin
[EFX-0000 INFO] ... Setup for logic synthesis end (Real time : 0s CPU user time : 1s CPU sys time : 0s MEM : 113140KB)
[EFX-0000 INFO] ... LUT mapping begin
[EFX-0000 INFO] ... LS, strategy: 3, nd: 601, ed: 1929, lv: 4, pw: 1719.17
[EFX-0000 INFO] ... LUT mapping end (Real time : 2s CPU user time : 2s CPU sys time : 0s MEM : 169556KB)
[EFX-0000 INFO] ... Post-synthesis Verific netlist creation begin
[EFX-0000 INFO] ... Post-synthesis Verific netlist creation end (Real time : 0s CPU user time : 2s CPU sys time : 0s MEM : 169556KB)
[EFX-0000 INFO] ... Postmap Retiming Optimization begin
[EFX-0000 INFO] ... Clock Network 'clk~clk' with 292 loads will be considered for retiming optimization.
[EFX-0000 INFO] ... Performed 10 retime moves.
[EFX-0000 INFO] ... Postmap Retiming Optimization end (Real time : 0s CPU user time : 2s CPU sys time : 0s MEM : 169556KB)
[EFX-0000 INFO] Resource Summary 
[EFX-0000 INFO] =============================== 
[EFX-0000 INFO] EFX_ADD         : 	582
[EFX-0000 INFO] EFX_LUT4        : 	593
[EFX-0000 INFO] EFX_MULT        : 	14
[EFX-0000 INFO] EFX_FF          : 	332
[EFX-0000 INFO] EFX_RAM_5K      : 	35
[EFX-0000 INFO] EFX_GBUFCE      : 	1
[EFX-0000 INFO] =============================== 
[EFX-0000 INFO] ... Post-Map Verilog Writer begin
[EFX-0000 INFO] ... Post-Map Verilog Writer end (Real time : 0s CPU user time : 2s CPU sys time : 0s MEM : 169556KB)

///////////////////////////////////
// Efinity Synthesis Started 
// Jun 03, 2026 16:34:11
///////////////////////////////////

[EFX-0012 VERI-INFO] default VHDL library search path is now "/home/curtis-button/eda/efinity/2025.2/sim_models/vhdl/packages/vhdl_2008" (VHDL-1504) 
[EFX-0012 VERI-INFO] compiling module 'SpinalNNTop' (VERI-1018) (/home/curtis-button/projects/spinalnn/rtl/flat/SpinalNNTop.v:6)
[EFX-0012 VERI-INFO] extracting RAM for identifier 'conv1_inputBuf_0' (VERI-2571) (/home/curtis-button/projects/spinalnn/rtl/flat/SpinalNNTop.v:413)
[EFX-0012 VERI-INFO] extracting RAM for identifier 'conv1_weightRom_0' (VERI-2571) (/home/curtis-button/projects/spinalnn/rtl/flat/SpinalNNTop.v:414)
[EFX-0012 VERI-INFO] extracting RAM for identifier 'conv1_biasRom' (VERI-2571) (/home/curtis-button/projects/spinalnn/rtl/flat/SpinalNNTop.v:415)
[EFX-0012 VERI-INFO] extracting RAM for identifier 'pool1_inputBuf' (VERI-2571) (/home/curtis-button/projects/spinalnn/rtl/flat/SpinalNNTop.v:416)
[EFX-0012 VERI-INFO] extracting RAM for identifier 'conv2_inputBuf_0' (VERI-2571) (/home/curtis-button/projects/spinalnn/rtl/flat/SpinalNNTop.v:417)
[EFX-0012 VERI-INFO] extracting RAM for identifier 'conv2_weightRom_0' (VERI-2571) (/home/curtis-button/projects/spinalnn/rtl/flat/SpinalNNTop.v:418)
[EFX-0012 VERI-INFO] extracting RAM for identifier 'conv2_biasRom' (VERI-2571) (/home/curtis-button/projects/spinalnn/rtl/flat/SpinalNNTop.v:419)
[EFX-0012 VERI-INFO] extracting RAM for identifier 'pool2_inputBuf' (VERI-2571) (/home/curtis-button/projects/spinalnn/rtl/flat/SpinalNNTop.v:420)
[EFX-0012 VERI-INFO] extracting RAM for identifier 'linear1_inputBuf' (VERI-2571) (/home/curtis-button/projects/spinalnn/rtl/flat/SpinalNNTop.v:421)
[EFX-0012 VERI-INFO] extracting RAM for identifier 'linear1_weightRom' (VERI-2571) (/home/curtis-button/projects/spinalnn/rtl/flat/SpinalNNTop.v:422)
[EFX-0012 VERI-INFO] extracting RAM for identifier 'linear1_biasRom' (VERI-2571) (/home/curtis-button/projects/spinalnn/rtl/flat/SpinalNNTop.v:423)
[EFX-0011 VERI-WARNING] net 'conv1_weightRom_0' does not have a driver (VDB-1002) (/home/curtis-button/projects/spinalnn/rtl/flat/SpinalNNTop.v:414)
[EFX-0011 VERI-WARNING] net 'conv1_biasRom' does not have a driver (VDB-1002) (/home/curtis-button/projects/spinalnn/rtl/flat/SpinalNNTop.v:415)
[EFX-0011 VERI-WARNING] net 'conv2_weightRom_0' does not have a driver (VDB-1002) (/home/curtis-button/projects/spinalnn/rtl/flat/SpinalNNTop.v:418)
[EFX-0011 VERI-WARNING] net 'conv2_biasRom' does not have a driver (VDB-1002) (/home/curtis-button/projects/spinalnn/rtl/flat/SpinalNNTop.v:419)
[EFX-0011 VERI-WARNING] net 'linear1_weightRom' does not have a driver (VDB-1002) (/home/curtis-button/projects/spinalnn/rtl/flat/SpinalNNTop.v:422)
[EFX-0011 VERI-WARNING] net 'linear1_biasRom' does not have a driver (VDB-1002) (/home/curtis-button/projects/spinalnn/rtl/flat/SpinalNNTop.v:423)
[EFX-0000 INFO] ... Setting Synthesis Option: mode=speed
[EFX-0012 VERI-INFO] compiling module 'EFX_ADD' (VERI-1018) (/home/curtis-button/eda/efinity/2025.2/sim_models/maplib/efinix_maplib.v:8)
[EFX-0012 VERI-INFO] compiling module 'EFX_FF' (VERI-1018) (/home/curtis-button/eda/efinity/2025.2/sim_models/maplib/efinix_maplib.v:21)
[EFX-0012 VERI-INFO] compiling module 'EFX_COMB4' (VERI-1018) (/home/curtis-button/eda/efinity/2025.2/sim_models/maplib/efinix_maplib.v:38)
[EFX-0012 VERI-INFO] compiling module 'EFX_GBUFCE' (VERI-1018) (/home/curtis-button/eda/efinity/2025.2/sim_models/maplib/efinix_maplib.v:48)
[EFX-0012 VERI-INFO] compiling module 'EFX_LUT4' (VERI-1018) (/home/curtis-button/eda/efinity/2025.2/sim_models/maplib/efinix_maplib.v:57)
[EFX-0012 VERI-INFO] compiling module 'EFX_MULT' (VERI-1018) (/home/curtis-button/eda/efinity/2025.2/sim_models/maplib/efinix_maplib.v:65)
[EFX-0012 VERI-INFO] compiling module 'EFX_DSP48' (VERI-1018) (/home/curtis-button/eda/efinity/2025.2/sim_models/maplib/efinix_maplib.v:100)
[EFX-0012 VERI-INFO] compiling module 'EFX_DSP24' (VERI-1018) (/home/curtis-button/eda/efinity/2025.2/sim_models/maplib/efinix_maplib.v:156)
[EFX-0012 VERI-INFO] compiling module 'EFX_DSP12' (VERI-1018) (/home/curtis-button/eda/efinity/2025.2/sim_models/maplib/efinix_maplib.v:209)
[EFX-0012 VERI-INFO] compiling module 'EFX_RAM_4K' (VERI-1018) (/home/curtis-button/eda/efinity/2025.2/sim_models/maplib/efinix_maplib.v:262)
[EFX-0012 VERI-INFO] compiling module 'EFX_RAM_5K' (VERI-1018) (/home/curtis-button/eda/efinity/2025.2/sim_models/maplib/efinix_maplib.v:322)
[EFX-0012 VERI-INFO] compiling module 'EFX_DPRAM_5K' (VERI-1018) (/home/curtis-button/eda/efinity/2025.2/sim_models/maplib/efinix_maplib.v:394)
[EFX-0012 VERI-INFO] compiling module 'RAMB5' (VERI-1018) (/home/curtis-button/eda/efinity/2025.2/sim_models/maplib/efinix_maplib.v:499)
[EFX-0012 VERI-INFO] compiling module 'EFX_RAM_10K' (VERI-1018) (/home/curtis-button/eda/efinity/2025.2/sim_models/maplib/efinix_maplib.v:561)
[EFX-0012 VERI-INFO] compiling module 'EFX_RAM10' (VERI-1018) (/home/curtis-button/eda/efinity/2025.2/sim_models/maplib/efinix_maplib.v:653)
[EFX-0012 VERI-INFO] compiling module 'EFX_DPRAM10' (VERI-1018) (/home/curtis-button/eda/efinity/2025.2/sim_models/maplib/efinix_maplib.v:754)
[EFX-0012 VERI-INFO] compiling module 'EFX_SRL8' (VERI-1018) (/home/curtis-button/eda/efinity/2025.2/sim_models/maplib/efinix_maplib.v:884)
[EFX-0000 INFO] ... Pre-synthesis checks begin
[EFX-0200 WARNING] Removing redundant signal : _zz_conv1_inputBuf_0_port. (/home/curtis-button/projects/spinalnn/rtl/flat/SpinalNNTop.v:28)
[EFX-0200 WARNING] Removing redundant signal : _zz_conv1_weightRom_0_port. (/home/curtis-button/projects/spinalnn/rtl/flat/SpinalNNTop.v:30)
[EFX-0200 WARNING] Removing redundant signal : _zz_conv1_accumReg_2[2]. (/home/curtis-button/projects/spinalnn/rtl/flat/SpinalNNTop.v:33)
[EFX-0200 WARNING] Removing redundant signal : _zz_conv1_accumReg_2[1]. (/home/curtis-button/projects/spinalnn/rtl/flat/SpinalNNTop.v:33)
[EFX-0200 WARNING] Removing redundant signal : _zz_conv1_accumReg_2[0]. (/home/curtis-button/projects/spinalnn/rtl/flat/SpinalNNTop.v:33)
[EFX-0200 WARNING] Removing redundant signal : _zz_pool1_inputBuf_port. (/home/curtis-button/projects/spinalnn/rtl/flat/SpinalNNTop.v:74)
[EFX-0200 WARNING] Removing redundant signal : _zz_conv2_inputBuf_0_port. (/home/curtis-button/projects/spinalnn/rtl/flat/SpinalNNTop.v:102)
[EFX-0200 WARNING] Removing redundant signal : _zz_conv2_weightRom_0_port. (/home/curtis-button/projects/spinalnn/rtl/flat/SpinalNNTop.v:104)
[EFX-0200 WARNING] Removing redundant signal : _zz_conv2_accumReg_2[3]. (/home/curtis-button/projects/spinalnn/rtl/flat/SpinalNNTop.v:107)
[EFX-0200 WARNING] Removing redundant signal : _zz_conv2_accumReg_2[2]. (/home/curtis-button/projects/spinalnn/rtl/flat/SpinalNNTop.v:107)
[EFX-0200 WARNING] Removing redundant signal : _zz_conv2_accumReg_2[1]. (/home/curtis-button/projects/spinalnn/rtl/flat/SpinalNNTop.v:107)
[EFX-0200 WARNING] Removing redundant signal : _zz_conv2_accumReg_2[0]. (/home/curtis-button/projects/spinalnn/rtl/flat/SpinalNNTop.v:107)
[EFX-0200 WARNING] Removing redundant signal : _zz_pool2_inputBuf_port. (/home/curtis-button/projects/spinalnn/rtl/flat/SpinalNNTop.v:148)
[EFX-0200 WARNING] Removing redundant signal : _zz_linear1_inputBuf_port. (/home/curtis-button/projects/spinalnn/rtl/flat/SpinalNNTop.v:181)
[EFX-0200 WARNING] Removing redundant signal : _zz_linear1_weightRom_port. (/home/curtis-button/projects/spinalnn/rtl/flat/SpinalNNTop.v:183)
[EFX-0677 INFO] ... Memory 'conv1_inputBuf_0' is not initialized, assuming empty initial contents. (/home/curtis-button/projects/spinalnn/rtl/flat/SpinalNNTop.v:413)
[EFX-0677 INFO] ... Memory 'pool1_inputBuf' is not initialized, assuming empty initial contents. (/home/curtis-button/projects/spinalnn/rtl/flat/SpinalNNTop.v:416)
[EFX-0677 INFO] ... Memory 'conv2_inputBuf_0' is not initialized, assuming empty initial contents. (/home/curtis-button/projects/spinalnn/rtl/flat/SpinalNNTop.v:417)
[EFX-0677 INFO] ... Memory 'pool2_inputBuf' is not initialized, assuming empty initial contents. (/home/curtis-button/projects/spinalnn/rtl/flat/SpinalNNTop.v:420)
[EFX-0677 INFO] ... Memory 'linear1_inputBuf' is not initialized, assuming empty initial contents. (/home/curtis-button/projects/spinalnn/rtl/flat/SpinalNNTop.v:421)
[EFX-0000 INFO] ... Pre-synthesis checks end (Real time : 0s CPU user time : 0s CPU sys time : 0s MEM : 85120KB)
[EFX-0000 INFO] ... NameSpace init begin
[EFX-0000 INFO] ... NameSpace init end (Real time : 0s CPU user time : 0s CPU sys time : 0s MEM : 85304KB)
[EFX-0000 INFO] ... Mapping design "SpinalNNTop"
[EFX-0000 INFO] ... Hierarchical pre-synthesis "SpinalNNTop" begin
[EFX-0657 WARNING] Mapping into logic memory block 'conv1_biasRom' (256 bits) (/home/curtis-button/projects/spinalnn/rtl/flat/SpinalNNTop.v:415) because read port is not synchronous.
[EFX-0657 WARNING] Mapping into logic memory block 'conv2_biasRom' (512 bits) (/home/curtis-button/projects/spinalnn/rtl/flat/SpinalNNTop.v:419) because read port is not synchronous.
[EFX-0657 WARNING] Mapping into logic memory block 'linear1_biasRom' (320 bits) (/home/curtis-button/projects/spinalnn/rtl/flat/SpinalNNTop.v:423) because read port is not synchronous.
[EFX-0000 INFO] ... Clock Enable Synthesis Performed on 207 flops.
[EFX-0000 INFO] ... Hierarchical pre-synthesis "SpinalNNTop" end (Real time : 0s CPU user time : 0s CPU sys time : 0s MEM : 101908KB)
[EFX-0000 INFO] ... Flat optimizations begin
[EFX-0000 INFO] ... Flat optimizations end (Real time : 0s CPU user time : 0s CPU sys time : 0s MEM : 101908KB)
[EFX-0000 INFO] ... Flat synthesis begin
[EFX-0000 INFO] ... Flat synthesis end (Real time : 0s CPU user time : 0s CPU sys time : 0s MEM : 101908KB)
[EFX-0000 INFO] ... Flat optimizations begin
[EFX-0000 INFO] ... Flat optimizations end (Real time : 0s CPU user time : 0s CPU sys time : 0s MEM : 101908KB)
[EFX-0000 INFO] ... Check and break combinational loops begin
[EFX-0000 INFO] ... Check and break combinational loops end (Real time : 0s CPU user time : 0s CPU sys time : 0s MEM : 101908KB)
[EFX-0000 INFO] ... Sequential Optimization begin
[EFX-0000 INFO] ... Clock Network 'clk' with 304 loads will be considered for sequential optimization.
[EFX-0000 INFO] ... Sequential Optimization deduced 220 equivalent points.
[EFX-0000 INFO] ... Sequential Optimization end (Real time : 1s CPU user time : 1s CPU sys time : 0s MEM : 114720KB)
[EFX-0000 INFO] ... Setup for logic synthesis begin
[EFX-0000 INFO] ... Setup for logic synthesis end (Real time : 0s CPU user time : 1s CPU sys time : 0s MEM : 114720KB)
[EFX-0000 INFO] ... LUT mapping begin
[EFX-0000 INFO] ... LS, strategy: 3, nd: 601, ed: 1929, lv: 4, pw: 1719.17
[EFX-0000 INFO] ... LUT mapping end (Real time : 1s CPU user time : 2s CPU sys time : 0s MEM : 170132KB)
[EFX-0000 INFO] ... Post-synthesis Verific netlist creation begin
[EFX-0000 INFO] ... Post-synthesis Verific netlist creation end (Real time : 0s CPU user time : 2s CPU sys time : 0s MEM : 170132KB)
[EFX-0000 INFO] ... Postmap Retiming Optimization begin
[EFX-0000 INFO] ... Clock Network 'clk~clk' with 292 loads will be considered for retiming optimization.
[EFX-0000 INFO] ... Performed 10 retime moves.
[EFX-0000 INFO] ... Postmap Retiming Optimization end (Real time : 0s CPU user time : 2s CPU sys time : 0s MEM : 170132KB)
[EFX-0000 INFO] Resource Summary 
[EFX-0000 INFO] =============================== 
[EFX-0000 INFO] EFX_ADD         : 	582
[EFX-0000 INFO] EFX_LUT4        : 	593
[EFX-0000 INFO] EFX_MULT        : 	14
[EFX-0000 INFO] EFX_FF          : 	332
[EFX-0000 INFO] EFX_RAM_5K      : 	35
[EFX-0000 INFO] EFX_GBUFCE      : 	1
[EFX-0000 INFO] =============================== 
[EFX-0000 INFO] ... Post-Map Verilog Writer begin
[EFX-0000 INFO] ... Post-Map Verilog Writer end (Real time : 0s CPU user time : 2s CPU sys time : 0s MEM : 170132KB)

///////////////////////////////////
// Efinity Synthesis Started 
// Jun 03, 2026 16:49:06
///////////////////////////////////

[EFX-0012 VERI-INFO] default VHDL library search path is now "/home/curtis-button/eda/efinity/2025.2/sim_models/vhdl/packages/vhdl_2008" (VHDL-1504) 
[EFX-0012 VERI-INFO] compiling module 'SpinalNNTop' (VERI-1018) (/home/curtis-button/projects/spinalnn/rtl/flat/SpinalNNTop.v:6)
[EFX-0012 VERI-INFO] extracting RAM for identifier 'conv1_inputBuf_0' (VERI-2571) (/home/curtis-button/projects/spinalnn/rtl/flat/SpinalNNTop.v:422)
[EFX-0012 VERI-INFO] extracting RAM for identifier 'conv1_weightRom_0' (VERI-2571) (/home/curtis-button/projects/spinalnn/rtl/flat/SpinalNNTop.v:423)
[EFX-0012 VERI-INFO] extracting RAM for identifier 'conv1_biasRom' (VERI-2571) (/home/curtis-button/projects/spinalnn/rtl/flat/SpinalNNTop.v:424)
[EFX-0012 VERI-INFO] extracting RAM for identifier 'pool1_inputBuf' (VERI-2571) (/home/curtis-button/projects/spinalnn/rtl/flat/SpinalNNTop.v:425)
[EFX-0012 VERI-INFO] extracting RAM for identifier 'conv2_inputBuf_0' (VERI-2571) (/home/curtis-button/projects/spinalnn/rtl/flat/SpinalNNTop.v:426)
[EFX-0012 VERI-INFO] extracting RAM for identifier 'conv2_weightRom_0' (VERI-2571) (/home/curtis-button/projects/spinalnn/rtl/flat/SpinalNNTop.v:427)
[EFX-0012 VERI-INFO] extracting RAM for identifier 'conv2_biasRom' (VERI-2571) (/home/curtis-button/projects/spinalnn/rtl/flat/SpinalNNTop.v:428)
[EFX-0012 VERI-INFO] extracting RAM for identifier 'pool2_inputBuf' (VERI-2571) (/home/curtis-button/projects/spinalnn/rtl/flat/SpinalNNTop.v:429)
[EFX-0012 VERI-INFO] extracting RAM for identifier 'linear1_inputBuf' (VERI-2571) (/home/curtis-button/projects/spinalnn/rtl/flat/SpinalNNTop.v:430)
[EFX-0012 VERI-INFO] extracting RAM for identifier 'linear1_weightRom' (VERI-2571) (/home/curtis-button/projects/spinalnn/rtl/flat/SpinalNNTop.v:431)
[EFX-0012 VERI-INFO] extracting RAM for identifier 'linear1_biasRom' (VERI-2571) (/home/curtis-button/projects/spinalnn/rtl/flat/SpinalNNTop.v:432)
[EFX-0011 VERI-WARNING] net 'conv1_weightRom_0' does not have a driver (VDB-1002) (/home/curtis-button/projects/spinalnn/rtl/flat/SpinalNNTop.v:423)
[EFX-0011 VERI-WARNING] net 'conv1_biasRom' does not have a driver (VDB-1002) (/home/curtis-button/projects/spinalnn/rtl/flat/SpinalNNTop.v:424)
[EFX-0011 VERI-WARNING] net 'conv2_weightRom_0' does not have a driver (VDB-1002) (/home/curtis-button/projects/spinalnn/rtl/flat/SpinalNNTop.v:427)
[EFX-0011 VERI-WARNING] net 'conv2_biasRom' does not have a driver (VDB-1002) (/home/curtis-button/projects/spinalnn/rtl/flat/SpinalNNTop.v:428)
[EFX-0011 VERI-WARNING] net 'linear1_weightRom' does not have a driver (VDB-1002) (/home/curtis-button/projects/spinalnn/rtl/flat/SpinalNNTop.v:431)
[EFX-0011 VERI-WARNING] net 'linear1_biasRom' does not have a driver (VDB-1002) (/home/curtis-button/projects/spinalnn/rtl/flat/SpinalNNTop.v:432)
[EFX-0000 INFO] ... Setting Synthesis Option: mode=speed
[EFX-0012 VERI-INFO] compiling module 'EFX_ADD' (VERI-1018) (/home/curtis-button/eda/efinity/2025.2/sim_models/maplib/efinix_maplib.v:8)
[EFX-0012 VERI-INFO] compiling module 'EFX_FF' (VERI-1018) (/home/curtis-button/eda/efinity/2025.2/sim_models/maplib/efinix_maplib.v:21)
[EFX-0012 VERI-INFO] compiling module 'EFX_COMB4' (VERI-1018) (/home/curtis-button/eda/efinity/2025.2/sim_models/maplib/efinix_maplib.v:38)
[EFX-0012 VERI-INFO] compiling module 'EFX_GBUFCE' (VERI-1018) (/home/curtis-button/eda/efinity/2025.2/sim_models/maplib/efinix_maplib.v:48)
[EFX-0012 VERI-INFO] compiling module 'EFX_LUT4' (VERI-1018) (/home/curtis-button/eda/efinity/2025.2/sim_models/maplib/efinix_maplib.v:57)
[EFX-0012 VERI-INFO] compiling module 'EFX_MULT' (VERI-1018) (/home/curtis-button/eda/efinity/2025.2/sim_models/maplib/efinix_maplib.v:65)
[EFX-0012 VERI-INFO] compiling module 'EFX_DSP48' (VERI-1018) (/home/curtis-button/eda/efinity/2025.2/sim_models/maplib/efinix_maplib.v:100)
[EFX-0012 VERI-INFO] compiling module 'EFX_DSP24' (VERI-1018) (/home/curtis-button/eda/efinity/2025.2/sim_models/maplib/efinix_maplib.v:156)
[EFX-0012 VERI-INFO] compiling module 'EFX_DSP12' (VERI-1018) (/home/curtis-button/eda/efinity/2025.2/sim_models/maplib/efinix_maplib.v:209)
[EFX-0012 VERI-INFO] compiling module 'EFX_RAM_4K' (VERI-1018) (/home/curtis-button/eda/efinity/2025.2/sim_models/maplib/efinix_maplib.v:262)
[EFX-0012 VERI-INFO] compiling module 'EFX_RAM_5K' (VERI-1018) (/home/curtis-button/eda/efinity/2025.2/sim_models/maplib/efinix_maplib.v:322)
[EFX-0012 VERI-INFO] compiling module 'EFX_DPRAM_5K' (VERI-1018) (/home/curtis-button/eda/efinity/2025.2/sim_models/maplib/efinix_maplib.v:394)
[EFX-0012 VERI-INFO] compiling module 'RAMB5' (VERI-1018) (/home/curtis-button/eda/efinity/2025.2/sim_models/maplib/efinix_maplib.v:499)
[EFX-0012 VERI-INFO] compiling module 'EFX_RAM_10K' (VERI-1018) (/home/curtis-button/eda/efinity/2025.2/sim_models/maplib/efinix_maplib.v:561)
[EFX-0012 VERI-INFO] compiling module 'EFX_RAM10' (VERI-1018) (/home/curtis-button/eda/efinity/2025.2/sim_models/maplib/efinix_maplib.v:653)
[EFX-0012 VERI-INFO] compiling module 'EFX_DPRAM10' (VERI-1018) (/home/curtis-button/eda/efinity/2025.2/sim_models/maplib/efinix_maplib.v:754)
[EFX-0012 VERI-INFO] compiling module 'EFX_SRL8' (VERI-1018) (/home/curtis-button/eda/efinity/2025.2/sim_models/maplib/efinix_maplib.v:884)
[EFX-0000 INFO] ... Pre-synthesis checks begin
[EFX-0200 WARNING] Removing redundant signal : _zz_conv1_inputBuf_0_port. (/home/curtis-button/projects/spinalnn/rtl/flat/SpinalNNTop.v:28)
[EFX-0200 WARNING] Removing redundant signal : _zz_conv1_weightRom_0_port. (/home/curtis-button/projects/spinalnn/rtl/flat/SpinalNNTop.v:30)
[EFX-0200 WARNING] Removing redundant signal : _zz_conv1_accumReg_1[2]. (/home/curtis-button/projects/spinalnn/rtl/flat/SpinalNNTop.v:33)
[EFX-0200 WARNING] Removing redundant signal : _zz_conv1_accumReg_1[1]. (/home/curtis-button/projects/spinalnn/rtl/flat/SpinalNNTop.v:33)
[EFX-0200 WARNING] Removing redundant signal : _zz_conv1_accumReg_1[0]. (/home/curtis-button/projects/spinalnn/rtl/flat/SpinalNNTop.v:33)
[EFX-0200 WARNING] Removing redundant signal : _zz_pool1_inputBuf_port. (/home/curtis-button/projects/spinalnn/rtl/flat/SpinalNNTop.v:73)
[EFX-0200 WARNING] Removing redundant signal : _zz_conv2_inputBuf_0_port. (/home/curtis-button/projects/spinalnn/rtl/flat/SpinalNNTop.v:101)
[EFX-0200 WARNING] Removing redundant signal : _zz_conv2_weightRom_0_port. (/home/curtis-button/projects/spinalnn/rtl/flat/SpinalNNTop.v:103)
[EFX-0200 WARNING] Removing redundant signal : _zz_conv2_accumReg_1[3]. (/home/curtis-button/projects/spinalnn/rtl/flat/SpinalNNTop.v:106)
[EFX-0200 WARNING] Removing redundant signal : _zz_conv2_accumReg_1[2]. (/home/curtis-button/projects/spinalnn/rtl/flat/SpinalNNTop.v:106)
[EFX-0200 WARNING] Removing redundant signal : _zz_conv2_accumReg_1[1]. (/home/curtis-button/projects/spinalnn/rtl/flat/SpinalNNTop.v:106)
[EFX-0200 WARNING] Removing redundant signal : _zz_conv2_accumReg_1[0]. (/home/curtis-button/projects/spinalnn/rtl/flat/SpinalNNTop.v:106)
[EFX-0200 WARNING] Removing redundant signal : _zz_pool2_inputBuf_port. (/home/curtis-button/projects/spinalnn/rtl/flat/SpinalNNTop.v:146)
[EFX-0200 WARNING] Removing redundant signal : _zz_linear1_inputBuf_port. (/home/curtis-button/projects/spinalnn/rtl/flat/SpinalNNTop.v:179)
[EFX-0200 WARNING] Removing redundant signal : _zz_linear1_weightRom_port. (/home/curtis-button/projects/spinalnn/rtl/flat/SpinalNNTop.v:181)
[EFX-0677 INFO] ... Memory 'conv1_inputBuf_0' is not initialized, assuming empty initial contents. (/home/curtis-button/projects/spinalnn/rtl/flat/SpinalNNTop.v:422)
[EFX-0677 INFO] ... Memory 'pool1_inputBuf' is not initialized, assuming empty initial contents. (/home/curtis-button/projects/spinalnn/rtl/flat/SpinalNNTop.v:425)
[EFX-0677 INFO] ... Memory 'conv2_inputBuf_0' is not initialized, assuming empty initial contents. (/home/curtis-button/projects/spinalnn/rtl/flat/SpinalNNTop.v:426)
[EFX-0677 INFO] ... Memory 'pool2_inputBuf' is not initialized, assuming empty initial contents. (/home/curtis-button/projects/spinalnn/rtl/flat/SpinalNNTop.v:429)
[EFX-0677 INFO] ... Memory 'linear1_inputBuf' is not initialized, assuming empty initial contents. (/home/curtis-button/projects/spinalnn/rtl/flat/SpinalNNTop.v:430)
[EFX-0000 INFO] ... Pre-synthesis checks end (Real time : 0s CPU user time : 0s CPU sys time : 0s MEM : 85832KB)
[EFX-0000 INFO] ... NameSpace init begin
[EFX-0000 INFO] ... NameSpace init end (Real time : 0s CPU user time : 0s CPU sys time : 0s MEM : 86016KB)
[EFX-0000 INFO] ... Mapping design "SpinalNNTop"
[EFX-0000 INFO] ... Hierarchical pre-synthesis "SpinalNNTop" begin
[EFX-0657 WARNING] Mapping into logic memory block 'conv1_biasRom' (256 bits) (/home/curtis-button/projects/spinalnn/rtl/flat/SpinalNNTop.v:424) because read port is not synchronous.
[EFX-0657 WARNING] Mapping into logic memory block 'conv2_biasRom' (512 bits) (/home/curtis-button/projects/spinalnn/rtl/flat/SpinalNNTop.v:428) because read port is not synchronous.
[EFX-0657 WARNING] Mapping into logic memory block 'linear1_biasRom' (320 bits) (/home/curtis-button/projects/spinalnn/rtl/flat/SpinalNNTop.v:432) because read port is not synchronous.
[EFX-0000 INFO] ... Clock Enable Synthesis Performed on 207 flops.
[EFX-0000 INFO] ... Performed 1 retime moves after multiplier decomposition.
[EFX-0000 INFO] ... Hierarchical pre-synthesis "SpinalNNTop" end (Real time : 0s CPU user time : 0s CPU sys time : 0s MEM : 103124KB)
[EFX-0000 INFO] ... Flat optimizations begin
[EFX-0000 INFO] ... Flat optimizations end (Real time : 0s CPU user time : 0s CPU sys time : 0s MEM : 103124KB)
[EFX-0000 INFO] ... Flat synthesis begin
[EFX-0000 INFO] ... Flat synthesis end (Real time : 0s CPU user time : 0s CPU sys time : 0s MEM : 103124KB)
[EFX-0000 INFO] ... Flat optimizations begin
[EFX-0000 INFO] ... Flat optimizations end (Real time : 0s CPU user time : 0s CPU sys time : 0s MEM : 103124KB)
[EFX-0000 INFO] ... Check and break combinational loops begin
[EFX-0000 INFO] ... Check and break combinational loops end (Real time : 0s CPU user time : 0s CPU sys time : 0s MEM : 103124KB)
[EFX-0000 INFO] ... Sequential Optimization begin
[EFX-0000 INFO] ... Clock Network 'clk' with 429 loads will be considered for sequential optimization.
[EFX-0000 INFO] ... Sequential Optimization deduced 251 equivalent points.
[EFX-0000 INFO] ... Sequential Optimization end (Real time : 1s CPU user time : 1s CPU sys time : 0s MEM : 116544KB)
[EFX-0000 INFO] ... Setup for logic synthesis begin
[EFX-0000 INFO] ... Setup for logic synthesis end (Real time : 0s CPU user time : 1s CPU sys time : 0s MEM : 116544KB)
[EFX-0000 INFO] ... LUT mapping begin
[EFX-0000 INFO] ... LS, strategy: 3, nd: 611, ed: 1978, lv: 4, pw: 1762.68
[EFX-0000 INFO] ... LUT mapping end (Real time : 1s CPU user time : 2s CPU sys time : 0s MEM : 172452KB)
[EFX-0000 INFO] ... Post-synthesis Verific netlist creation begin
[EFX-0000 INFO] ... Post-synthesis Verific netlist creation end (Real time : 0s CPU user time : 2s CPU sys time : 0s MEM : 172452KB)
[EFX-0000 INFO] ... Postmap Retiming Optimization begin
[EFX-0000 INFO] ... Clock Network 'clk~clk' with 417 loads will be considered for retiming optimization.
[EFX-0000 INFO] ... Performed 1 retime moves.
[EFX-0000 INFO] ... Postmap Retiming Optimization end (Real time : 0s CPU user time : 2s CPU sys time : 0s MEM : 172452KB)
[EFX-0000 INFO] Resource Summary 
[EFX-0000 INFO] =============================== 
[EFX-0000 INFO] EFX_ADD         : 	581
[EFX-0000 INFO] EFX_LUT4        : 	611
[EFX-0000 INFO] EFX_MULT        : 	14
[EFX-0000 INFO] EFX_FF          : 	367
[EFX-0000 INFO] EFX_RAM_5K      : 	35
[EFX-0000 INFO] EFX_GBUFCE      : 	1
[EFX-0000 INFO] =============================== 
[EFX-0000 INFO] ... Post-Map Verilog Writer begin
[EFX-0000 INFO] ... Post-Map Verilog Writer end (Real time : 0s CPU user time : 2s CPU sys time : 0s MEM : 172452KB)

///////////////////////////////////
// Efinity Synthesis Started 
// Jun 03, 2026 16:57:34
///////////////////////////////////

[EFX-0012 VERI-INFO] default VHDL library search path is now "/home/curtis-button/eda/efinity/2025.2/sim_models/vhdl/packages/vhdl_2008" (VHDL-1504) 
[EFX-0012 VERI-INFO] compiling module 'SpinalNNTop' (VERI-1018) (/home/curtis-button/projects/spinalnn/rtl/flat/SpinalNNTop.v:6)
[EFX-0012 VERI-INFO] extracting RAM for identifier 'conv1_inputBuf_0' (VERI-2571) (/home/curtis-button/projects/spinalnn/rtl/flat/SpinalNNTop.v:428)
[EFX-0012 VERI-INFO] extracting RAM for identifier 'conv1_weightRom_0' (VERI-2571) (/home/curtis-button/projects/spinalnn/rtl/flat/SpinalNNTop.v:429)
[EFX-0012 VERI-INFO] extracting RAM for identifier 'conv1_biasRom' (VERI-2571) (/home/curtis-button/projects/spinalnn/rtl/flat/SpinalNNTop.v:430)
[EFX-0012 VERI-INFO] extracting RAM for identifier 'pool1_inputBuf' (VERI-2571) (/home/curtis-button/projects/spinalnn/rtl/flat/SpinalNNTop.v:431)
[EFX-0012 VERI-INFO] extracting RAM for identifier 'conv2_inputBuf_0' (VERI-2571) (/home/curtis-button/projects/spinalnn/rtl/flat/SpinalNNTop.v:432)
[EFX-0012 VERI-INFO] extracting RAM for identifier 'conv2_weightRom_0' (VERI-2571) (/home/curtis-button/projects/spinalnn/rtl/flat/SpinalNNTop.v:433)
[EFX-0012 VERI-INFO] extracting RAM for identifier 'conv2_biasRom' (VERI-2571) (/home/curtis-button/projects/spinalnn/rtl/flat/SpinalNNTop.v:434)
[EFX-0012 VERI-INFO] extracting RAM for identifier 'pool2_inputBuf' (VERI-2571) (/home/curtis-button/projects/spinalnn/rtl/flat/SpinalNNTop.v:435)
[EFX-0012 VERI-INFO] extracting RAM for identifier 'linear1_inputBuf' (VERI-2571) (/home/curtis-button/projects/spinalnn/rtl/flat/SpinalNNTop.v:436)
[EFX-0012 VERI-INFO] extracting RAM for identifier 'linear1_weightRom' (VERI-2571) (/home/curtis-button/projects/spinalnn/rtl/flat/SpinalNNTop.v:437)
[EFX-0012 VERI-INFO] extracting RAM for identifier 'linear1_biasRom' (VERI-2571) (/home/curtis-button/projects/spinalnn/rtl/flat/SpinalNNTop.v:438)
[EFX-0011 VERI-WARNING] net 'conv1_weightRom_0' does not have a driver (VDB-1002) (/home/curtis-button/projects/spinalnn/rtl/flat/SpinalNNTop.v:429)
[EFX-0011 VERI-WARNING] net 'conv1_biasRom' does not have a driver (VDB-1002) (/home/curtis-button/projects/spinalnn/rtl/flat/SpinalNNTop.v:430)
[EFX-0011 VERI-WARNING] net 'conv2_weightRom_0' does not have a driver (VDB-1002) (/home/curtis-button/projects/spinalnn/rtl/flat/SpinalNNTop.v:433)
[EFX-0011 VERI-WARNING] net 'conv2_biasRom' does not have a driver (VDB-1002) (/home/curtis-button/projects/spinalnn/rtl/flat/SpinalNNTop.v:434)
[EFX-0011 VERI-WARNING] net 'linear1_weightRom' does not have a driver (VDB-1002) (/home/curtis-button/projects/spinalnn/rtl/flat/SpinalNNTop.v:437)
[EFX-0011 VERI-WARNING] net 'linear1_biasRom' does not have a driver (VDB-1002) (/home/curtis-button/projects/spinalnn/rtl/flat/SpinalNNTop.v:438)
[EFX-0000 INFO] ... Setting Synthesis Option: mode=speed
[EFX-0012 VERI-INFO] compiling module 'EFX_ADD' (VERI-1018) (/home/curtis-button/eda/efinity/2025.2/sim_models/maplib/efinix_maplib.v:8)
[EFX-0012 VERI-INFO] compiling module 'EFX_FF' (VERI-1018) (/home/curtis-button/eda/efinity/2025.2/sim_models/maplib/efinix_maplib.v:21)
[EFX-0012 VERI-INFO] compiling module 'EFX_COMB4' (VERI-1018) (/home/curtis-button/eda/efinity/2025.2/sim_models/maplib/efinix_maplib.v:38)
[EFX-0012 VERI-INFO] compiling module 'EFX_GBUFCE' (VERI-1018) (/home/curtis-button/eda/efinity/2025.2/sim_models/maplib/efinix_maplib.v:48)
[EFX-0012 VERI-INFO] compiling module 'EFX_LUT4' (VERI-1018) (/home/curtis-button/eda/efinity/2025.2/sim_models/maplib/efinix_maplib.v:57)
[EFX-0012 VERI-INFO] compiling module 'EFX_MULT' (VERI-1018) (/home/curtis-button/eda/efinity/2025.2/sim_models/maplib/efinix_maplib.v:65)
[EFX-0012 VERI-INFO] compiling module 'EFX_DSP48' (VERI-1018) (/home/curtis-button/eda/efinity/2025.2/sim_models/maplib/efinix_maplib.v:100)
[EFX-0012 VERI-INFO] compiling module 'EFX_DSP24' (VERI-1018) (/home/curtis-button/eda/efinity/2025.2/sim_models/maplib/efinix_maplib.v:156)
[EFX-0012 VERI-INFO] compiling module 'EFX_DSP12' (VERI-1018) (/home/curtis-button/eda/efinity/2025.2/sim_models/maplib/efinix_maplib.v:209)
[EFX-0012 VERI-INFO] compiling module 'EFX_RAM_4K' (VERI-1018) (/home/curtis-button/eda/efinity/2025.2/sim_models/maplib/efinix_maplib.v:262)
[EFX-0012 VERI-INFO] compiling module 'EFX_RAM_5K' (VERI-1018) (/home/curtis-button/eda/efinity/2025.2/sim_models/maplib/efinix_maplib.v:322)
[EFX-0012 VERI-INFO] compiling module 'EFX_DPRAM_5K' (VERI-1018) (/home/curtis-button/eda/efinity/2025.2/sim_models/maplib/efinix_maplib.v:394)
[EFX-0012 VERI-INFO] compiling module 'RAMB5' (VERI-1018) (/home/curtis-button/eda/efinity/2025.2/sim_models/maplib/efinix_maplib.v:499)
[EFX-0012 VERI-INFO] compiling module 'EFX_RAM_10K' (VERI-1018) (/home/curtis-button/eda/efinity/2025.2/sim_models/maplib/efinix_maplib.v:561)
[EFX-0012 VERI-INFO] compiling module 'EFX_RAM10' (VERI-1018) (/home/curtis-button/eda/efinity/2025.2/sim_models/maplib/efinix_maplib.v:653)
[EFX-0012 VERI-INFO] compiling module 'EFX_DPRAM10' (VERI-1018) (/home/curtis-button/eda/efinity/2025.2/sim_models/maplib/efinix_maplib.v:754)
[EFX-0012 VERI-INFO] compiling module 'EFX_SRL8' (VERI-1018) (/home/curtis-button/eda/efinity/2025.2/sim_models/maplib/efinix_maplib.v:884)
[EFX-0000 INFO] ... Pre-synthesis checks begin
[EFX-0200 WARNING] Removing redundant signal : _zz_conv1_inputBuf_0_port. (/home/curtis-button/projects/spinalnn/rtl/flat/SpinalNNTop.v:28)
[EFX-0200 WARNING] Removing redundant signal : _zz_conv1_weightRom_0_port. (/home/curtis-button/projects/spinalnn/rtl/flat/SpinalNNTop.v:30)
[EFX-0200 WARNING] Removing redundant signal : _zz_conv1_accumReg_2[2]. (/home/curtis-button/projects/spinalnn/rtl/flat/SpinalNNTop.v:33)
[EFX-0200 WARNING] Removing redundant signal : _zz_conv1_accumReg_2[1]. (/home/curtis-button/projects/spinalnn/rtl/flat/SpinalNNTop.v:33)
[EFX-0200 WARNING] Removing redundant signal : _zz_conv1_accumReg_2[0]. (/home/curtis-button/projects/spinalnn/rtl/flat/SpinalNNTop.v:33)
[EFX-0200 WARNING] Removing redundant signal : _zz_pool1_inputBuf_port. (/home/curtis-button/projects/spinalnn/rtl/flat/SpinalNNTop.v:73)
[EFX-0200 WARNING] Removing redundant signal : _zz_conv2_inputBuf_0_port. (/home/curtis-button/projects/spinalnn/rtl/flat/SpinalNNTop.v:101)
[EFX-0200 WARNING] Removing redundant signal : _zz_conv2_weightRom_0_port. (/home/curtis-button/projects/spinalnn/rtl/flat/SpinalNNTop.v:103)
[EFX-0200 WARNING] Removing redundant signal : _zz_conv2_accumReg_2[3]. (/home/curtis-button/projects/spinalnn/rtl/flat/SpinalNNTop.v:106)
[EFX-0200 WARNING] Removing redundant signal : _zz_conv2_accumReg_2[2]. (/home/curtis-button/projects/spinalnn/rtl/flat/SpinalNNTop.v:106)
[EFX-0200 WARNING] Removing redundant signal : _zz_conv2_accumReg_2[1]. (/home/curtis-button/projects/spinalnn/rtl/flat/SpinalNNTop.v:106)
[EFX-0200 WARNING] Removing redundant signal : _zz_conv2_accumReg_2[0]. (/home/curtis-button/projects/spinalnn/rtl/flat/SpinalNNTop.v:106)
[EFX-0200 WARNING] Removing redundant signal : _zz_pool2_inputBuf_port. (/home/curtis-button/projects/spinalnn/rtl/flat/SpinalNNTop.v:146)
[EFX-0200 WARNING] Removing redundant signal : _zz_linear1_inputBuf_port. (/home/curtis-button/projects/spinalnn/rtl/flat/SpinalNNTop.v:179)
[EFX-0200 WARNING] Removing redundant signal : _zz_linear1_weightRom_port. (/home/curtis-button/projects/spinalnn/rtl/flat/SpinalNNTop.v:181)
[EFX-0677 INFO] ... Memory 'conv1_inputBuf_0' is not initialized, assuming empty initial contents. (/home/curtis-button/projects/spinalnn/rtl/flat/SpinalNNTop.v:428)
[EFX-0677 INFO] ... Memory 'pool1_inputBuf' is not initialized, assuming empty initial contents. (/home/curtis-button/projects/spinalnn/rtl/flat/SpinalNNTop.v:431)
[EFX-0677 INFO] ... Memory 'conv2_inputBuf_0' is not initialized, assuming empty initial contents. (/home/curtis-button/projects/spinalnn/rtl/flat/SpinalNNTop.v:432)
[EFX-0677 INFO] ... Memory 'pool2_inputBuf' is not initialized, assuming empty initial contents. (/home/curtis-button/projects/spinalnn/rtl/flat/SpinalNNTop.v:435)
[EFX-0677 INFO] ... Memory 'linear1_inputBuf' is not initialized, assuming empty initial contents. (/home/curtis-button/projects/spinalnn/rtl/flat/SpinalNNTop.v:436)
[EFX-0000 INFO] ... Pre-synthesis checks end (Real time : 1s CPU user time : 0s CPU sys time : 0s MEM : 85480KB)
[EFX-0000 INFO] ... NameSpace init begin
[EFX-0000 INFO] ... NameSpace init end (Real time : 0s CPU user time : 0s CPU sys time : 0s MEM : 85480KB)
[EFX-0000 INFO] ... Mapping design "SpinalNNTop"
[EFX-0000 INFO] ... Hierarchical pre-synthesis "SpinalNNTop" begin
[EFX-0657 WARNING] Mapping into logic memory block 'conv1_biasRom' (256 bits) (/home/curtis-button/projects/spinalnn/rtl/flat/SpinalNNTop.v:430) because read port is not synchronous.
[EFX-0657 WARNING] Mapping into logic memory block 'conv2_biasRom' (512 bits) (/home/curtis-button/projects/spinalnn/rtl/flat/SpinalNNTop.v:434) because read port is not synchronous.
[EFX-0657 WARNING] Mapping into logic memory block 'linear1_biasRom' (320 bits) (/home/curtis-button/projects/spinalnn/rtl/flat/SpinalNNTop.v:438) because read port is not synchronous.
[EFX-0000 INFO] ... Clock Enable Synthesis Performed on 207 flops.
[EFX-0000 INFO] ... Performed 1 retime moves after multiplier decomposition.
[EFX-0000 INFO] ... Hierarchical pre-synthesis "SpinalNNTop" end (Real time : 0s CPU user time : 0s CPU sys time : 0s MEM : 102848KB)
[EFX-0000 INFO] ... Flat optimizations begin
[EFX-0000 INFO] ... Flat optimizations end (Real time : 0s CPU user time : 0s CPU sys time : 0s MEM : 102848KB)
[EFX-0000 INFO] ... Flat synthesis begin
[EFX-0000 INFO] ... Flat synthesis end (Real time : 0s CPU user time : 0s CPU sys time : 0s MEM : 103016KB)
[EFX-0000 INFO] ... Flat optimizations begin
[EFX-0000 INFO] ... Flat optimizations end (Real time : 0s CPU user time : 0s CPU sys time : 0s MEM : 103016KB)
[EFX-0000 INFO] ... Check and break combinational loops begin
[EFX-0000 INFO] ... Check and break combinational loops end (Real time : 0s CPU user time : 0s CPU sys time : 0s MEM : 103016KB)
[EFX-0000 INFO] ... Sequential Optimization begin
[EFX-0000 INFO] ... Clock Network 'clk' with 525 loads will be considered for sequential optimization.
[EFX-0000 INFO] ... Sequential Optimization deduced 248 equivalent points.
[EFX-0000 INFO] ... Sequential Optimization end (Real time : 0s CPU user time : 1s CPU sys time : 0s MEM : 118524KB)
[EFX-0000 INFO] ... Setup for logic synthesis begin
[EFX-0000 INFO] ... Setup for logic synthesis end (Real time : 0s CPU user time : 1s CPU sys time : 0s MEM : 118524KB)
[EFX-0000 INFO] ... LUT mapping begin
[EFX-0000 INFO] ... LS, strategy: 3, nd: 602, ed: 1827, lv: 4, pw: 1772.14
[EFX-0000 INFO] ... LUT mapping end (Real time : 1s CPU user time : 2s CPU sys time : 0s MEM : 172096KB)
[EFX-0000 INFO] ... Post-synthesis Verific netlist creation begin
[EFX-0000 INFO] ... Post-synthesis Verific netlist creation end (Real time : 0s CPU user time : 2s CPU sys time : 0s MEM : 172096KB)
[EFX-0000 INFO] ... Postmap Retiming Optimization begin
[EFX-0000 INFO] ... Clock Network 'clk~clk' with 513 loads will be considered for retiming optimization.
[EFX-0000 INFO] ... Performed 1 retime moves.
[EFX-0000 INFO] ... Postmap Retiming Optimization end (Real time : 0s CPU user time : 2s CPU sys time : 0s MEM : 172096KB)
[EFX-0000 INFO] Resource Summary 
[EFX-0000 INFO] =============================== 
[EFX-0000 INFO] EFX_ADD         : 	581
[EFX-0000 INFO] EFX_LUT4        : 	602
[EFX-0000 INFO] EFX_MULT        : 	14
[EFX-0000 INFO] EFX_FF          : 	431
[EFX-0000 INFO] EFX_RAM_5K      : 	35
[EFX-0000 INFO] EFX_GBUFCE      : 	1
[EFX-0000 INFO] =============================== 
[EFX-0000 INFO] ... Post-Map Verilog Writer begin
[EFX-0000 INFO] ... Post-Map Verilog Writer end (Real time : 0s CPU user time : 2s CPU sys time : 0s MEM : 172096KB)

///////////////////////////////////
// Efinity Synthesis Started 
// Jun 03, 2026 18:06:49
///////////////////////////////////

[EFX-0012 VERI-INFO] default VHDL library search path is now "/home/curtis-button/eda/efinity/2025.2/sim_models/vhdl/packages/vhdl_2008" (VHDL-1504) 
[EFX-0012 VERI-INFO] compiling module 'SpinalNNTop' (VERI-1018) (/home/curtis-button/projects/spinalnn/rtl/flat/SpinalNNTop.v:6)
[EFX-0012 VERI-INFO] extracting RAM for identifier 'conv1_inputBuf_0' (VERI-2571) (/home/curtis-button/projects/spinalnn/rtl/flat/SpinalNNTop.v:443)
[EFX-0012 VERI-INFO] extracting RAM for identifier 'conv1_weightRom_0' (VERI-2571) (/home/curtis-button/projects/spinalnn/rtl/flat/SpinalNNTop.v:444)
[EFX-0012 VERI-INFO] extracting RAM for identifier 'conv1_biasRom' (VERI-2571) (/home/curtis-button/projects/spinalnn/rtl/flat/SpinalNNTop.v:445)
[EFX-0012 VERI-INFO] extracting RAM for identifier 'pool1_inputBuf' (VERI-2571) (/home/curtis-button/projects/spinalnn/rtl/flat/SpinalNNTop.v:446)
[EFX-0012 VERI-INFO] extracting RAM for identifier 'conv2_inputBuf_0' (VERI-2571) (/home/curtis-button/projects/spinalnn/rtl/flat/SpinalNNTop.v:447)
[EFX-0012 VERI-INFO] extracting RAM for identifier 'conv2_weightRom_0' (VERI-2571) (/home/curtis-button/projects/spinalnn/rtl/flat/SpinalNNTop.v:448)
[EFX-0012 VERI-INFO] extracting RAM for identifier 'conv2_biasRom' (VERI-2571) (/home/curtis-button/projects/spinalnn/rtl/flat/SpinalNNTop.v:449)
[EFX-0012 VERI-INFO] extracting RAM for identifier 'pool2_inputBuf' (VERI-2571) (/home/curtis-button/projects/spinalnn/rtl/flat/SpinalNNTop.v:450)
[EFX-0012 VERI-INFO] extracting RAM for identifier 'linear1_inputBuf' (VERI-2571) (/home/curtis-button/projects/spinalnn/rtl/flat/SpinalNNTop.v:451)
[EFX-0012 VERI-INFO] extracting RAM for identifier 'linear1_weightRom' (VERI-2571) (/home/curtis-button/projects/spinalnn/rtl/flat/SpinalNNTop.v:452)
[EFX-0012 VERI-INFO] extracting RAM for identifier 'linear1_biasRom' (VERI-2571) (/home/curtis-button/projects/spinalnn/rtl/flat/SpinalNNTop.v:453)
[EFX-0011 VERI-WARNING] net 'conv1_weightRom_0' does not have a driver (VDB-1002) (/home/curtis-button/projects/spinalnn/rtl/flat/SpinalNNTop.v:444)
[EFX-0011 VERI-WARNING] net 'conv1_biasRom' does not have a driver (VDB-1002) (/home/curtis-button/projects/spinalnn/rtl/flat/SpinalNNTop.v:445)
[EFX-0011 VERI-WARNING] net 'conv2_weightRom_0' does not have a driver (VDB-1002) (/home/curtis-button/projects/spinalnn/rtl/flat/SpinalNNTop.v:448)
[EFX-0011 VERI-WARNING] net 'conv2_biasRom' does not have a driver (VDB-1002) (/home/curtis-button/projects/spinalnn/rtl/flat/SpinalNNTop.v:449)
[EFX-0011 VERI-WARNING] net 'linear1_weightRom' does not have a driver (VDB-1002) (/home/curtis-button/projects/spinalnn/rtl/flat/SpinalNNTop.v:452)
[EFX-0011 VERI-WARNING] net 'linear1_biasRom' does not have a driver (VDB-1002) (/home/curtis-button/projects/spinalnn/rtl/flat/SpinalNNTop.v:453)
[EFX-0000 INFO] ... Setting Synthesis Option: mode=speed
[EFX-0012 VERI-INFO] compiling module 'EFX_ADD' (VERI-1018) (/home/curtis-button/eda/efinity/2025.2/sim_models/maplib/efinix_maplib.v:8)
[EFX-0012 VERI-INFO] compiling module 'EFX_FF' (VERI-1018) (/home/curtis-button/eda/efinity/2025.2/sim_models/maplib/efinix_maplib.v:21)
[EFX-0012 VERI-INFO] compiling module 'EFX_COMB4' (VERI-1018) (/home/curtis-button/eda/efinity/2025.2/sim_models/maplib/efinix_maplib.v:38)
[EFX-0012 VERI-INFO] compiling module 'EFX_GBUFCE' (VERI-1018) (/home/curtis-button/eda/efinity/2025.2/sim_models/maplib/efinix_maplib.v:48)
[EFX-0012 VERI-INFO] compiling module 'EFX_LUT4' (VERI-1018) (/home/curtis-button/eda/efinity/2025.2/sim_models/maplib/efinix_maplib.v:57)
[EFX-0012 VERI-INFO] compiling module 'EFX_MULT' (VERI-1018) (/home/curtis-button/eda/efinity/2025.2/sim_models/maplib/efinix_maplib.v:65)
[EFX-0012 VERI-INFO] compiling module 'EFX_DSP48' (VERI-1018) (/home/curtis-button/eda/efinity/2025.2/sim_models/maplib/efinix_maplib.v:100)
[EFX-0012 VERI-INFO] compiling module 'EFX_DSP24' (VERI-1018) (/home/curtis-button/eda/efinity/2025.2/sim_models/maplib/efinix_maplib.v:156)
[EFX-0012 VERI-INFO] compiling module 'EFX_DSP12' (VERI-1018) (/home/curtis-button/eda/efinity/2025.2/sim_models/maplib/efinix_maplib.v:209)
[EFX-0012 VERI-INFO] compiling module 'EFX_RAM_4K' (VERI-1018) (/home/curtis-button/eda/efinity/2025.2/sim_models/maplib/efinix_maplib.v:262)
[EFX-0012 VERI-INFO] compiling module 'EFX_RAM_5K' (VERI-1018) (/home/curtis-button/eda/efinity/2025.2/sim_models/maplib/efinix_maplib.v:322)
[EFX-0012 VERI-INFO] compiling module 'EFX_DPRAM_5K' (VERI-1018) (/home/curtis-button/eda/efinity/2025.2/sim_models/maplib/efinix_maplib.v:394)
[EFX-0012 VERI-INFO] compiling module 'RAMB5' (VERI-1018) (/home/curtis-button/eda/efinity/2025.2/sim_models/maplib/efinix_maplib.v:499)
[EFX-0012 VERI-INFO] compiling module 'EFX_RAM_10K' (VERI-1018) (/home/curtis-button/eda/efinity/2025.2/sim_models/maplib/efinix_maplib.v:561)
[EFX-0012 VERI-INFO] compiling module 'EFX_RAM10' (VERI-1018) (/home/curtis-button/eda/efinity/2025.2/sim_models/maplib/efinix_maplib.v:653)
[EFX-0012 VERI-INFO] compiling module 'EFX_DPRAM10' (VERI-1018) (/home/curtis-button/eda/efinity/2025.2/sim_models/maplib/efinix_maplib.v:754)
[EFX-0012 VERI-INFO] compiling module 'EFX_SRL8' (VERI-1018) (/home/curtis-button/eda/efinity/2025.2/sim_models/maplib/efinix_maplib.v:884)
[EFX-0000 INFO] ... Pre-synthesis checks begin
[EFX-0200 WARNING] Removing redundant signal : _zz_conv1_inputBuf_0_port. (/home/curtis-button/projects/spinalnn/rtl/flat/SpinalNNTop.v:28)
[EFX-0200 WARNING] Removing redundant signal : _zz_conv1_weightRom_0_port. (/home/curtis-button/projects/spinalnn/rtl/flat/SpinalNNTop.v:30)
[EFX-0200 WARNING] Removing redundant signal : _zz_conv1_accumReg_2[2]. (/home/curtis-button/projects/spinalnn/rtl/flat/SpinalNNTop.v:33)
[EFX-0200 WARNING] Removing redundant signal : _zz_conv1_accumReg_2[1]. (/home/curtis-button/projects/spinalnn/rtl/flat/SpinalNNTop.v:33)
[EFX-0200 WARNING] Removing redundant signal : _zz_conv1_accumReg_2[0]. (/home/curtis-button/projects/spinalnn/rtl/flat/SpinalNNTop.v:33)
[EFX-0200 WARNING] Removing redundant signal : _zz_pool1_inputBuf_port. (/home/curtis-button/projects/spinalnn/rtl/flat/SpinalNNTop.v:72)
[EFX-0200 WARNING] Removing redundant signal : _zz_conv2_inputBuf_0_port. (/home/curtis-button/projects/spinalnn/rtl/flat/SpinalNNTop.v:100)
[EFX-0200 WARNING] Removing redundant signal : _zz_conv2_weightRom_0_port. (/home/curtis-button/projects/spinalnn/rtl/flat/SpinalNNTop.v:102)
[EFX-0200 WARNING] Removing redundant signal : _zz_conv2_accumReg_2[3]. (/home/curtis-button/projects/spinalnn/rtl/flat/SpinalNNTop.v:105)
[EFX-0200 WARNING] Removing redundant signal : _zz_conv2_accumReg_2[2]. (/home/curtis-button/projects/spinalnn/rtl/flat/SpinalNNTop.v:105)
[EFX-0200 WARNING] Removing redundant signal : _zz_conv2_accumReg_2[1]. (/home/curtis-button/projects/spinalnn/rtl/flat/SpinalNNTop.v:105)
[EFX-0200 WARNING] Removing redundant signal : _zz_conv2_accumReg_2[0]. (/home/curtis-button/projects/spinalnn/rtl/flat/SpinalNNTop.v:105)
[EFX-0200 WARNING] Removing redundant signal : _zz_pool2_inputBuf_port. (/home/curtis-button/projects/spinalnn/rtl/flat/SpinalNNTop.v:144)
[EFX-0200 WARNING] Removing redundant signal : _zz_linear1_inputBuf_port. (/home/curtis-button/projects/spinalnn/rtl/flat/SpinalNNTop.v:177)
[EFX-0200 WARNING] Removing redundant signal : _zz_linear1_weightRom_port. (/home/curtis-button/projects/spinalnn/rtl/flat/SpinalNNTop.v:179)
[EFX-0677 INFO] ... Memory 'conv1_inputBuf_0' is not initialized, assuming empty initial contents. (/home/curtis-button/projects/spinalnn/rtl/flat/SpinalNNTop.v:443)
[EFX-0677 INFO] ... Memory 'pool1_inputBuf' is not initialized, assuming empty initial contents. (/home/curtis-button/projects/spinalnn/rtl/flat/SpinalNNTop.v:446)
[EFX-0677 INFO] ... Memory 'conv2_inputBuf_0' is not initialized, assuming empty initial contents. (/home/curtis-button/projects/spinalnn/rtl/flat/SpinalNNTop.v:447)
[EFX-0677 INFO] ... Memory 'pool2_inputBuf' is not initialized, assuming empty initial contents. (/home/curtis-button/projects/spinalnn/rtl/flat/SpinalNNTop.v:450)
[EFX-0677 INFO] ... Memory 'linear1_inputBuf' is not initialized, assuming empty initial contents. (/home/curtis-button/projects/spinalnn/rtl/flat/SpinalNNTop.v:451)
[EFX-0000 INFO] ... Pre-synthesis checks end (Real time : 0s CPU user time : 0s CPU sys time : 0s MEM : 86168KB)
[EFX-0000 INFO] ... NameSpace init begin
[EFX-0000 INFO] ... NameSpace init end (Real time : 0s CPU user time : 0s CPU sys time : 0s MEM : 86352KB)
[EFX-0000 INFO] ... Mapping design "SpinalNNTop"
[EFX-0000 INFO] ... Hierarchical pre-synthesis "SpinalNNTop" begin
[EFX-0657 WARNING] Mapping into logic memory block 'conv1_biasRom' (256 bits) (/home/curtis-button/projects/spinalnn/rtl/flat/SpinalNNTop.v:445) because read port is not synchronous.
[EFX-0657 WARNING] Mapping into logic memory block 'conv2_biasRom' (512 bits) (/home/curtis-button/projects/spinalnn/rtl/flat/SpinalNNTop.v:449) because read port is not synchronous.
[EFX-0657 WARNING] Mapping into logic memory block 'linear1_biasRom' (320 bits) (/home/curtis-button/projects/spinalnn/rtl/flat/SpinalNNTop.v:453) because read port is not synchronous.
[EFX-0000 INFO] ... Clock Enable Synthesis Performed on 210 flops.
[EFX-0000 INFO] ... Performed 1 retime moves after multiplier decomposition.
[EFX-0000 INFO] ... Hierarchical pre-synthesis "SpinalNNTop" end (Real time : 0s CPU user time : 0s CPU sys time : 0s MEM : 103516KB)
[EFX-0000 INFO] ... Flat optimizations begin
[EFX-0000 INFO] ... Flat optimizations end (Real time : 0s CPU user time : 0s CPU sys time : 0s MEM : 103516KB)
[EFX-0000 INFO] ... Flat synthesis begin
[EFX-0000 INFO] ... Flat synthesis end (Real time : 0s CPU user time : 0s CPU sys time : 0s MEM : 103516KB)
[EFX-0000 INFO] ... Flat optimizations begin
[EFX-0000 INFO] ... Flat optimizations end (Real time : 0s CPU user time : 0s CPU sys time : 0s MEM : 103516KB)
[EFX-0000 INFO] ... Check and break combinational loops begin
[EFX-0000 INFO] ... Check and break combinational loops end (Real time : 0s CPU user time : 0s CPU sys time : 0s MEM : 103516KB)
[EFX-0000 INFO] ... Sequential Optimization begin
[EFX-0000 INFO] ... Clock Network 'clk' with 658 loads will be considered for sequential optimization.
[EFX-0000 INFO] ... Sequential Optimization deduced 272 equivalent points.
[EFX-0000 INFO] ... Sequential Optimization end (Real time : 0s CPU user time : 1s CPU sys time : 0s MEM : 120788KB)
[EFX-0000 INFO] ... Setup for logic synthesis begin
[EFX-0000 INFO] ... Setup for logic synthesis end (Real time : 1s CPU user time : 1s CPU sys time : 0s MEM : 120788KB)
[EFX-0000 INFO] ... LUT mapping begin
[EFX-0000 INFO] ... LS, strategy: 3, nd: 633, ed: 1940, lv: 4, pw: 1857.62
[EFX-0000 INFO] ... LUT mapping end (Real time : 1s CPU user time : 2s CPU sys time : 0s MEM : 171180KB)
[EFX-0000 INFO] ... Post-synthesis Verific netlist creation begin
[EFX-0000 INFO] ... Post-synthesis Verific netlist creation end (Real time : 0s CPU user time : 2s CPU sys time : 0s MEM : 171180KB)
[EFX-0000 INFO] ... Postmap Retiming Optimization begin
[EFX-0000 INFO] ... Clock Network 'clk~clk' with 646 loads will be considered for retiming optimization.
[EFX-0000 INFO] ... Performed 2 retime moves.
[EFX-0000 INFO] ... Postmap Retiming Optimization end (Real time : 0s CPU user time : 2s CPU sys time : 0s MEM : 171180KB)
[EFX-0000 INFO] Resource Summary 
[EFX-0000 INFO] =============================== 
[EFX-0000 INFO] EFX_ADD         : 	581
[EFX-0000 INFO] EFX_LUT4        : 	633
[EFX-0000 INFO] EFX_MULT        : 	14
[EFX-0000 INFO] EFX_FF          : 	579
[EFX-0000 INFO] EFX_RAM_5K      : 	35
[EFX-0000 INFO] EFX_GBUFCE      : 	1
[EFX-0000 INFO] =============================== 
[EFX-0000 INFO] ... Post-Map Verilog Writer begin
[EFX-0000 INFO] ... Post-Map Verilog Writer end (Real time : 0s CPU user time : 2s CPU sys time : 0s MEM : 171180KB)

///////////////////////////////////
// Efinity Synthesis Started 
// Jun 03, 2026 18:16:32
///////////////////////////////////

[EFX-0012 VERI-INFO] default VHDL library search path is now "/home/curtis-button/eda/efinity/2025.2/sim_models/vhdl/packages/vhdl_2008" (VHDL-1504) 
[EFX-0012 VERI-INFO] compiling module 'SpinalNNTop' (VERI-1018) (/home/curtis-button/projects/spinalnn/rtl/flat/SpinalNNTop.v:6)
[EFX-0012 VERI-INFO] extracting RAM for identifier 'conv1_inputBuf_0' (VERI-2571) (/home/curtis-button/projects/spinalnn/rtl/flat/SpinalNNTop.v:491)
[EFX-0012 VERI-INFO] extracting RAM for identifier 'conv1_weightRom_0' (VERI-2571) (/home/curtis-button/projects/spinalnn/rtl/flat/SpinalNNTop.v:492)
[EFX-0012 VERI-INFO] extracting RAM for identifier 'conv1_biasRom' (VERI-2571) (/home/curtis-button/projects/spinalnn/rtl/flat/SpinalNNTop.v:493)
[EFX-0012 VERI-INFO] extracting RAM for identifier 'pool1_inputBuf' (VERI-2571) (/home/curtis-button/projects/spinalnn/rtl/flat/SpinalNNTop.v:494)
[EFX-0012 VERI-INFO] extracting RAM for identifier 'conv2_inputBuf_0' (VERI-2571) (/home/curtis-button/projects/spinalnn/rtl/flat/SpinalNNTop.v:495)
[EFX-0012 VERI-INFO] extracting RAM for identifier 'conv2_weightRom_0' (VERI-2571) (/home/curtis-button/projects/spinalnn/rtl/flat/SpinalNNTop.v:496)
[EFX-0012 VERI-INFO] extracting RAM for identifier 'conv2_biasRom' (VERI-2571) (/home/curtis-button/projects/spinalnn/rtl/flat/SpinalNNTop.v:497)
[EFX-0012 VERI-INFO] extracting RAM for identifier 'pool2_inputBuf' (VERI-2571) (/home/curtis-button/projects/spinalnn/rtl/flat/SpinalNNTop.v:498)
[EFX-0012 VERI-INFO] extracting RAM for identifier 'linear1_inputBuf' (VERI-2571) (/home/curtis-button/projects/spinalnn/rtl/flat/SpinalNNTop.v:499)
[EFX-0012 VERI-INFO] extracting RAM for identifier 'linear1_weightRom' (VERI-2571) (/home/curtis-button/projects/spinalnn/rtl/flat/SpinalNNTop.v:500)
[EFX-0012 VERI-INFO] extracting RAM for identifier 'linear1_biasRom' (VERI-2571) (/home/curtis-button/projects/spinalnn/rtl/flat/SpinalNNTop.v:501)
[EFX-0011 VERI-WARNING] net 'conv1_weightRom_0' does not have a driver (VDB-1002) (/home/curtis-button/projects/spinalnn/rtl/flat/SpinalNNTop.v:492)
[EFX-0011 VERI-WARNING] net 'conv1_biasRom' does not have a driver (VDB-1002) (/home/curtis-button/projects/spinalnn/rtl/flat/SpinalNNTop.v:493)
[EFX-0011 VERI-WARNING] net 'conv2_weightRom_0' does not have a driver (VDB-1002) (/home/curtis-button/projects/spinalnn/rtl/flat/SpinalNNTop.v:496)
[EFX-0011 VERI-WARNING] net 'conv2_biasRom' does not have a driver (VDB-1002) (/home/curtis-button/projects/spinalnn/rtl/flat/SpinalNNTop.v:497)
[EFX-0011 VERI-WARNING] net 'linear1_weightRom' does not have a driver (VDB-1002) (/home/curtis-button/projects/spinalnn/rtl/flat/SpinalNNTop.v:500)
[EFX-0011 VERI-WARNING] net 'linear1_biasRom' does not have a driver (VDB-1002) (/home/curtis-button/projects/spinalnn/rtl/flat/SpinalNNTop.v:501)
[EFX-0000 INFO] ... Setting Synthesis Option: mode=speed
[EFX-0012 VERI-INFO] compiling module 'EFX_ADD' (VERI-1018) (/home/curtis-button/eda/efinity/2025.2/sim_models/maplib/efinix_maplib.v:8)
[EFX-0012 VERI-INFO] compiling module 'EFX_FF' (VERI-1018) (/home/curtis-button/eda/efinity/2025.2/sim_models/maplib/efinix_maplib.v:21)
[EFX-0012 VERI-INFO] compiling module 'EFX_COMB4' (VERI-1018) (/home/curtis-button/eda/efinity/2025.2/sim_models/maplib/efinix_maplib.v:38)
[EFX-0012 VERI-INFO] compiling module 'EFX_GBUFCE' (VERI-1018) (/home/curtis-button/eda/efinity/2025.2/sim_models/maplib/efinix_maplib.v:48)
[EFX-0012 VERI-INFO] compiling module 'EFX_LUT4' (VERI-1018) (/home/curtis-button/eda/efinity/2025.2/sim_models/maplib/efinix_maplib.v:57)
[EFX-0012 VERI-INFO] compiling module 'EFX_MULT' (VERI-1018) (/home/curtis-button/eda/efinity/2025.2/sim_models/maplib/efinix_maplib.v:65)
[EFX-0012 VERI-INFO] compiling module 'EFX_DSP48' (VERI-1018) (/home/curtis-button/eda/efinity/2025.2/sim_models/maplib/efinix_maplib.v:100)
[EFX-0012 VERI-INFO] compiling module 'EFX_DSP24' (VERI-1018) (/home/curtis-button/eda/efinity/2025.2/sim_models/maplib/efinix_maplib.v:156)
[EFX-0012 VERI-INFO] compiling module 'EFX_DSP12' (VERI-1018) (/home/curtis-button/eda/efinity/2025.2/sim_models/maplib/efinix_maplib.v:209)
[EFX-0012 VERI-INFO] compiling module 'EFX_RAM_4K' (VERI-1018) (/home/curtis-button/eda/efinity/2025.2/sim_models/maplib/efinix_maplib.v:262)
[EFX-0012 VERI-INFO] compiling module 'EFX_RAM_5K' (VERI-1018) (/home/curtis-button/eda/efinity/2025.2/sim_models/maplib/efinix_maplib.v:322)
[EFX-0012 VERI-INFO] compiling module 'EFX_DPRAM_5K' (VERI-1018) (/home/curtis-button/eda/efinity/2025.2/sim_models/maplib/efinix_maplib.v:394)
[EFX-0012 VERI-INFO] compiling module 'RAMB5' (VERI-1018) (/home/curtis-button/eda/efinity/2025.2/sim_models/maplib/efinix_maplib.v:499)
[EFX-0012 VERI-INFO] compiling module 'EFX_RAM_10K' (VERI-1018) (/home/curtis-button/eda/efinity/2025.2/sim_models/maplib/efinix_maplib.v:561)
[EFX-0012 VERI-INFO] compiling module 'EFX_RAM10' (VERI-1018) (/home/curtis-button/eda/efinity/2025.2/sim_models/maplib/efinix_maplib.v:653)
[EFX-0012 VERI-INFO] compiling module 'EFX_DPRAM10' (VERI-1018) (/home/curtis-button/eda/efinity/2025.2/sim_models/maplib/efinix_maplib.v:754)
[EFX-0012 VERI-INFO] compiling module 'EFX_SRL8' (VERI-1018) (/home/curtis-button/eda/efinity/2025.2/sim_models/maplib/efinix_maplib.v:884)
[EFX-0000 INFO] ... Pre-synthesis checks begin
[EFX-0200 WARNING] Removing redundant signal : _zz_conv1_inputBuf_0_port. (/home/curtis-button/projects/spinalnn/rtl/flat/SpinalNNTop.v:28)
[EFX-0200 WARNING] Removing redundant signal : _zz_conv1_weightRom_0_port. (/home/curtis-button/projects/spinalnn/rtl/flat/SpinalNNTop.v:30)
[EFX-0200 WARNING] Removing redundant signal : _zz_conv1_accumReg_2[2]. (/home/curtis-button/projects/spinalnn/rtl/flat/SpinalNNTop.v:33)
[EFX-0200 WARNING] Removing redundant signal : _zz_conv1_accumReg_2[1]. (/home/curtis-button/projects/spinalnn/rtl/flat/SpinalNNTop.v:33)
[EFX-0200 WARNING] Removing redundant signal : _zz_conv1_accumReg_2[0]. (/home/curtis-button/projects/spinalnn/rtl/flat/SpinalNNTop.v:33)
[EFX-0200 WARNING] Removing redundant signal : _zz_pool1_inputBuf_port. (/home/curtis-button/projects/spinalnn/rtl/flat/SpinalNNTop.v:91)
[EFX-0200 WARNING] Removing redundant signal : _zz_conv2_inputBuf_0_port. (/home/curtis-button/projects/spinalnn/rtl/flat/SpinalNNTop.v:119)
[EFX-0200 WARNING] Removing redundant signal : _zz_conv2_weightRom_0_port. (/home/curtis-button/projects/spinalnn/rtl/flat/SpinalNNTop.v:121)
[EFX-0200 WARNING] Removing redundant signal : _zz_conv2_accumReg_2[3]. (/home/curtis-button/projects/spinalnn/rtl/flat/SpinalNNTop.v:124)
[EFX-0200 WARNING] Removing redundant signal : _zz_conv2_accumReg_2[2]. (/home/curtis-button/projects/spinalnn/rtl/flat/SpinalNNTop.v:124)
[EFX-0200 WARNING] Removing redundant signal : _zz_conv2_accumReg_2[1]. (/home/curtis-button/projects/spinalnn/rtl/flat/SpinalNNTop.v:124)
[EFX-0200 WARNING] Removing redundant signal : _zz_conv2_accumReg_2[0]. (/home/curtis-button/projects/spinalnn/rtl/flat/SpinalNNTop.v:124)
[EFX-0200 WARNING] Removing redundant signal : _zz_pool2_inputBuf_port. (/home/curtis-button/projects/spinalnn/rtl/flat/SpinalNNTop.v:182)
[EFX-0200 WARNING] Removing redundant signal : _zz_linear1_inputBuf_port. (/home/curtis-button/projects/spinalnn/rtl/flat/SpinalNNTop.v:215)
[EFX-0200 WARNING] Removing redundant signal : _zz_linear1_weightRom_port. (/home/curtis-button/projects/spinalnn/rtl/flat/SpinalNNTop.v:217)
[EFX-0677 INFO] ... Memory 'conv1_inputBuf_0' is not initialized, assuming empty initial contents. (/home/curtis-button/projects/spinalnn/rtl/flat/SpinalNNTop.v:491)
[EFX-0677 INFO] ... Memory 'pool1_inputBuf' is not initialized, assuming empty initial contents. (/home/curtis-button/projects/spinalnn/rtl/flat/SpinalNNTop.v:494)
[EFX-0677 INFO] ... Memory 'conv2_inputBuf_0' is not initialized, assuming empty initial contents. (/home/curtis-button/projects/spinalnn/rtl/flat/SpinalNNTop.v:495)
[EFX-0677 INFO] ... Memory 'pool2_inputBuf' is not initialized, assuming empty initial contents. (/home/curtis-button/projects/spinalnn/rtl/flat/SpinalNNTop.v:498)
[EFX-0677 INFO] ... Memory 'linear1_inputBuf' is not initialized, assuming empty initial contents. (/home/curtis-button/projects/spinalnn/rtl/flat/SpinalNNTop.v:499)
[EFX-0000 INFO] ... Pre-synthesis checks end (Real time : 0s CPU user time : 0s CPU sys time : 0s MEM : 86776KB)
[EFX-0000 INFO] ... NameSpace init begin
[EFX-0000 INFO] ... NameSpace init end (Real time : 0s CPU user time : 0s CPU sys time : 0s MEM : 86960KB)
[EFX-0000 INFO] ... Mapping design "SpinalNNTop"
[EFX-0000 INFO] ... Hierarchical pre-synthesis "SpinalNNTop" begin
[EFX-0657 WARNING] Mapping into logic memory block 'conv1_biasRom' (256 bits) (/home/curtis-button/projects/spinalnn/rtl/flat/SpinalNNTop.v:493) because read port is not synchronous.
[EFX-0657 WARNING] Mapping into logic memory block 'conv2_biasRom' (512 bits) (/home/curtis-button/projects/spinalnn/rtl/flat/SpinalNNTop.v:497) because read port is not synchronous.
[EFX-0657 WARNING] Mapping into logic memory block 'linear1_biasRom' (320 bits) (/home/curtis-button/projects/spinalnn/rtl/flat/SpinalNNTop.v:501) because read port is not synchronous.
[EFX-0000 INFO] ... Clock Enable Synthesis Performed on 251 flops.
[EFX-0000 INFO] ... Performed 1 retime moves after multiplier decomposition.
[EFX-0000 INFO] ... Hierarchical pre-synthesis "SpinalNNTop" end (Real time : 0s CPU user time : 0s CPU sys time : 0s MEM : 104268KB)
[EFX-0000 INFO] ... Flat optimizations begin
[EFX-0000 INFO] ... Flat optimizations end (Real time : 0s CPU user time : 0s CPU sys time : 0s MEM : 104268KB)
[EFX-0000 INFO] ... Flat synthesis begin
[EFX-0000 INFO] ... Flat synthesis end (Real time : 0s CPU user time : 0s CPU sys time : 0s MEM : 104428KB)
[EFX-0000 INFO] ... Flat optimizations begin
[EFX-0000 INFO] ... Flat optimizations end (Real time : 0s CPU user time : 0s CPU sys time : 0s MEM : 104428KB)
[EFX-0000 INFO] ... Check and break combinational loops begin
[EFX-0000 INFO] ... Check and break combinational loops end (Real time : 0s CPU user time : 0s CPU sys time : 0s MEM : 104428KB)
[EFX-0000 INFO] ... Sequential Optimization begin
[EFX-0000 INFO] ... Clock Network 'clk' with 696 loads will be considered for sequential optimization.
[EFX-0000 INFO] ... Sequential Optimization deduced 297 equivalent points.
[EFX-0000 INFO] ... Sequential Optimization end (Real time : 1s CPU user time : 1s CPU sys time : 0s MEM : 121664KB)
[EFX-0000 INFO] ... Setup for logic synthesis begin
[EFX-0000 INFO] ... Setup for logic synthesis end (Real time : 0s CPU user time : 1s CPU sys time : 0s MEM : 121664KB)
[EFX-0000 INFO] ... LUT mapping begin
[EFX-0000 INFO] ... LS, strategy: 3, nd: 662, ed: 2049, lv: 4, pw: 1944.78
[EFX-0000 INFO] ... LUT mapping end (Real time : 1s CPU user time : 2s CPU sys time : 0s MEM : 172532KB)
[EFX-0000 INFO] ... Post-synthesis Verific netlist creation begin
[EFX-0000 INFO] ... Post-synthesis Verific netlist creation end (Real time : 0s CPU user time : 2s CPU sys time : 0s MEM : 172532KB)
[EFX-0000 INFO] ... Postmap Retiming Optimization begin
[EFX-0000 INFO] ... Clock Network 'clk~clk' with 684 loads will be considered for retiming optimization.
[EFX-0000 INFO] ... Performed 10 retime moves.
[EFX-0000 INFO] ... Postmap Retiming Optimization end (Real time : 0s CPU user time : 2s CPU sys time : 0s MEM : 172532KB)
[EFX-0000 INFO] Resource Summary 
[EFX-0000 INFO] =============================== 
[EFX-0000 INFO] EFX_ADD         : 	585
[EFX-0000 INFO] EFX_LUT4        : 	662
[EFX-0000 INFO] EFX_MULT        : 	15
[EFX-0000 INFO] EFX_FF          : 	643
[EFX-0000 INFO] EFX_RAM_5K      : 	35
[EFX-0000 INFO] EFX_GBUFCE      : 	1
[EFX-0000 INFO] =============================== 
[EFX-0000 INFO] ... Post-Map Verilog Writer begin
[EFX-0000 INFO] ... Post-Map Verilog Writer end (Real time : 0s CPU user time : 2s CPU sys time : 0s MEM : 172532KB)

///////////////////////////////////
// Efinity Synthesis Started 
// Jun 03, 2026 21:09:33
///////////////////////////////////

[EFX-0012 VERI-INFO] default VHDL library search path is now "/home/curtis-button/eda/efinity/2025.2/sim_models/vhdl/packages/vhdl_2008" (VHDL-1504) 
[EFX-0012 VERI-INFO] compiling module 'SpinalNNTop' (VERI-1018) (/home/curtis-button/projects/spinalnn/rtl/flat/SpinalNNTop.v:6)
[EFX-0012 VERI-INFO] extracting RAM for identifier 'conv1_inputBuf_0' (VERI-2571) (/home/curtis-button/projects/spinalnn/rtl/flat/SpinalNNTop.v:457)
[EFX-0012 VERI-INFO] extracting RAM for identifier 'conv1_weightRom_0' (VERI-2571) (/home/curtis-button/projects/spinalnn/rtl/flat/SpinalNNTop.v:458)
[EFX-0012 VERI-INFO] extracting RAM for identifier 'conv1_biasRom' (VERI-2571) (/home/curtis-button/projects/spinalnn/rtl/flat/SpinalNNTop.v:459)
[EFX-0012 VERI-INFO] extracting RAM for identifier 'pool1_inputBuf' (VERI-2571) (/home/curtis-button/projects/spinalnn/rtl/flat/SpinalNNTop.v:460)
[EFX-0012 VERI-INFO] extracting RAM for identifier 'conv2_inputBuf_0' (VERI-2571) (/home/curtis-button/projects/spinalnn/rtl/flat/SpinalNNTop.v:461)
[EFX-0012 VERI-INFO] extracting RAM for identifier 'conv2_weightRom_0' (VERI-2571) (/home/curtis-button/projects/spinalnn/rtl/flat/SpinalNNTop.v:462)
[EFX-0012 VERI-INFO] extracting RAM for identifier 'conv2_biasRom' (VERI-2571) (/home/curtis-button/projects/spinalnn/rtl/flat/SpinalNNTop.v:463)
[EFX-0012 VERI-INFO] extracting RAM for identifier 'pool2_inputBuf' (VERI-2571) (/home/curtis-button/projects/spinalnn/rtl/flat/SpinalNNTop.v:464)
[EFX-0012 VERI-INFO] extracting RAM for identifier 'linear1_inputBuf' (VERI-2571) (/home/curtis-button/projects/spinalnn/rtl/flat/SpinalNNTop.v:465)
[EFX-0012 VERI-INFO] extracting RAM for identifier 'linear1_weightRom' (VERI-2571) (/home/curtis-button/projects/spinalnn/rtl/flat/SpinalNNTop.v:466)
[EFX-0012 VERI-INFO] extracting RAM for identifier 'linear1_biasRom' (VERI-2571) (/home/curtis-button/projects/spinalnn/rtl/flat/SpinalNNTop.v:467)
[EFX-0011 VERI-WARNING] net 'conv1_weightRom_0' does not have a driver (VDB-1002) (/home/curtis-button/projects/spinalnn/rtl/flat/SpinalNNTop.v:458)
[EFX-0011 VERI-WARNING] net 'conv1_biasRom' does not have a driver (VDB-1002) (/home/curtis-button/projects/spinalnn/rtl/flat/SpinalNNTop.v:459)
[EFX-0011 VERI-WARNING] net 'conv2_weightRom_0' does not have a driver (VDB-1002) (/home/curtis-button/projects/spinalnn/rtl/flat/SpinalNNTop.v:462)
[EFX-0011 VERI-WARNING] net 'conv2_biasRom' does not have a driver (VDB-1002) (/home/curtis-button/projects/spinalnn/rtl/flat/SpinalNNTop.v:463)
[EFX-0011 VERI-WARNING] net 'linear1_weightRom' does not have a driver (VDB-1002) (/home/curtis-button/projects/spinalnn/rtl/flat/SpinalNNTop.v:466)
[EFX-0011 VERI-WARNING] net 'linear1_biasRom' does not have a driver (VDB-1002) (/home/curtis-button/projects/spinalnn/rtl/flat/SpinalNNTop.v:467)
[EFX-0000 INFO] ... Setting Synthesis Option: mode=speed
[EFX-0012 VERI-INFO] compiling module 'EFX_ADD' (VERI-1018) (/home/curtis-button/eda/efinity/2025.2/sim_models/maplib/efinix_maplib.v:8)
[EFX-0012 VERI-INFO] compiling module 'EFX_FF' (VERI-1018) (/home/curtis-button/eda/efinity/2025.2/sim_models/maplib/efinix_maplib.v:21)
[EFX-0012 VERI-INFO] compiling module 'EFX_COMB4' (VERI-1018) (/home/curtis-button/eda/efinity/2025.2/sim_models/maplib/efinix_maplib.v:38)
[EFX-0012 VERI-INFO] compiling module 'EFX_GBUFCE' (VERI-1018) (/home/curtis-button/eda/efinity/2025.2/sim_models/maplib/efinix_maplib.v:48)
[EFX-0012 VERI-INFO] compiling module 'EFX_LUT4' (VERI-1018) (/home/curtis-button/eda/efinity/2025.2/sim_models/maplib/efinix_maplib.v:57)
[EFX-0012 VERI-INFO] compiling module 'EFX_MULT' (VERI-1018) (/home/curtis-button/eda/efinity/2025.2/sim_models/maplib/efinix_maplib.v:65)
[EFX-0012 VERI-INFO] compiling module 'EFX_DSP48' (VERI-1018) (/home/curtis-button/eda/efinity/2025.2/sim_models/maplib/efinix_maplib.v:100)
[EFX-0012 VERI-INFO] compiling module 'EFX_DSP24' (VERI-1018) (/home/curtis-button/eda/efinity/2025.2/sim_models/maplib/efinix_maplib.v:156)
[EFX-0012 VERI-INFO] compiling module 'EFX_DSP12' (VERI-1018) (/home/curtis-button/eda/efinity/2025.2/sim_models/maplib/efinix_maplib.v:209)
[EFX-0012 VERI-INFO] compiling module 'EFX_RAM_4K' (VERI-1018) (/home/curtis-button/eda/efinity/2025.2/sim_models/maplib/efinix_maplib.v:262)
[EFX-0012 VERI-INFO] compiling module 'EFX_RAM_5K' (VERI-1018) (/home/curtis-button/eda/efinity/2025.2/sim_models/maplib/efinix_maplib.v:322)
[EFX-0012 VERI-INFO] compiling module 'EFX_DPRAM_5K' (VERI-1018) (/home/curtis-button/eda/efinity/2025.2/sim_models/maplib/efinix_maplib.v:394)
[EFX-0012 VERI-INFO] compiling module 'RAMB5' (VERI-1018) (/home/curtis-button/eda/efinity/2025.2/sim_models/maplib/efinix_maplib.v:499)
[EFX-0012 VERI-INFO] compiling module 'EFX_RAM_10K' (VERI-1018) (/home/curtis-button/eda/efinity/2025.2/sim_models/maplib/efinix_maplib.v:561)
[EFX-0012 VERI-INFO] compiling module 'EFX_RAM10' (VERI-1018) (/home/curtis-button/eda/efinity/2025.2/sim_models/maplib/efinix_maplib.v:653)
[EFX-0012 VERI-INFO] compiling module 'EFX_DPRAM10' (VERI-1018) (/home/curtis-button/eda/efinity/2025.2/sim_models/maplib/efinix_maplib.v:754)
[EFX-0012 VERI-INFO] compiling module 'EFX_SRL8' (VERI-1018) (/home/curtis-button/eda/efinity/2025.2/sim_models/maplib/efinix_maplib.v:884)
[EFX-0000 INFO] ... Pre-synthesis checks begin
[EFX-0200 WARNING] Removing redundant signal : _zz_conv1_inputBuf_0_port. (/home/curtis-button/projects/spinalnn/rtl/flat/SpinalNNTop.v:28)
[EFX-0200 WARNING] Removing redundant signal : _zz_conv1_weightRom_0_port. (/home/curtis-button/projects/spinalnn/rtl/flat/SpinalNNTop.v:30)
[EFX-0200 WARNING] Removing redundant signal : _zz_conv1_accumReg_2[2]. (/home/curtis-button/projects/spinalnn/rtl/flat/SpinalNNTop.v:33)
[EFX-0200 WARNING] Removing redundant signal : _zz_conv1_accumReg_2[1]. (/home/curtis-button/projects/spinalnn/rtl/flat/SpinalNNTop.v:33)
[EFX-0200 WARNING] Removing redundant signal : _zz_conv1_accumReg_2[0]. (/home/curtis-button/projects/spinalnn/rtl/flat/SpinalNNTop.v:33)
[EFX-0200 WARNING] Removing redundant signal : _zz_pool1_inputBuf_port. (/home/curtis-button/projects/spinalnn/rtl/flat/SpinalNNTop.v:74)
[EFX-0200 WARNING] Removing redundant signal : _zz_conv2_inputBuf_0_port. (/home/curtis-button/projects/spinalnn/rtl/flat/SpinalNNTop.v:102)
[EFX-0200 WARNING] Removing redundant signal : _zz_conv2_weightRom_0_port. (/home/curtis-button/projects/spinalnn/rtl/flat/SpinalNNTop.v:104)
[EFX-0200 WARNING] Removing redundant signal : _zz_conv2_accumReg_2[3]. (/home/curtis-button/projects/spinalnn/rtl/flat/SpinalNNTop.v:107)
[EFX-0200 WARNING] Removing redundant signal : _zz_conv2_accumReg_2[2]. (/home/curtis-button/projects/spinalnn/rtl/flat/SpinalNNTop.v:107)
[EFX-0200 WARNING] Removing redundant signal : _zz_conv2_accumReg_2[1]. (/home/curtis-button/projects/spinalnn/rtl/flat/SpinalNNTop.v:107)
[EFX-0200 WARNING] Removing redundant signal : _zz_conv2_accumReg_2[0]. (/home/curtis-button/projects/spinalnn/rtl/flat/SpinalNNTop.v:107)
[EFX-0200 WARNING] Removing redundant signal : _zz_pool2_inputBuf_port. (/home/curtis-button/projects/spinalnn/rtl/flat/SpinalNNTop.v:148)
[EFX-0200 WARNING] Removing redundant signal : _zz_linear1_inputBuf_port. (/home/curtis-button/projects/spinalnn/rtl/flat/SpinalNNTop.v:181)
[EFX-0200 WARNING] Removing redundant signal : _zz_linear1_weightRom_port. (/home/curtis-button/projects/spinalnn/rtl/flat/SpinalNNTop.v:183)
[EFX-0677 INFO] ... Memory 'conv1_inputBuf_0' is not initialized, assuming empty initial contents. (/home/curtis-button/projects/spinalnn/rtl/flat/SpinalNNTop.v:457)
[EFX-0677 INFO] ... Memory 'pool1_inputBuf' is not initialized, assuming empty initial contents. (/home/curtis-button/projects/spinalnn/rtl/flat/SpinalNNTop.v:460)
[EFX-0677 INFO] ... Memory 'conv2_inputBuf_0' is not initialized, assuming empty initial contents. (/home/curtis-button/projects/spinalnn/rtl/flat/SpinalNNTop.v:461)
[EFX-0677 INFO] ... Memory 'pool2_inputBuf' is not initialized, assuming empty initial contents. (/home/curtis-button/projects/spinalnn/rtl/flat/SpinalNNTop.v:464)
[EFX-0677 INFO] ... Memory 'linear1_inputBuf' is not initialized, assuming empty initial contents. (/home/curtis-button/projects/spinalnn/rtl/flat/SpinalNNTop.v:465)
[EFX-0000 INFO] ... Pre-synthesis checks end (Real time : 0s CPU user time : 0s CPU sys time : 0s MEM : 86984KB)
[EFX-0000 INFO] ... NameSpace init begin
[EFX-0000 INFO] ... NameSpace init end (Real time : 0s CPU user time : 0s CPU sys time : 0s MEM : 86984KB)
[EFX-0000 INFO] ... Mapping design "SpinalNNTop"
[EFX-0000 INFO] ... Hierarchical pre-synthesis "SpinalNNTop" begin
[EFX-0657 WARNING] Mapping into logic memory block 'conv1_biasRom' (256 bits) (/home/curtis-button/projects/spinalnn/rtl/flat/SpinalNNTop.v:459) because read port is not synchronous.
[EFX-0657 WARNING] Mapping into logic memory block 'conv2_biasRom' (512 bits) (/home/curtis-button/projects/spinalnn/rtl/flat/SpinalNNTop.v:463) because read port is not synchronous.
[EFX-0657 WARNING] Mapping into logic memory block 'linear1_biasRom' (320 bits) (/home/curtis-button/projects/spinalnn/rtl/flat/SpinalNNTop.v:467) because read port is not synchronous.
[EFX-0000 INFO] ... Clock Enable Synthesis Performed on 231 flops.
[EFX-0000 INFO] ... Performed 1 retime moves after multiplier decomposition.
[EFX-0000 INFO] ... Hierarchical pre-synthesis "SpinalNNTop" end (Real time : 1s CPU user time : 0s CPU sys time : 0s MEM : 104128KB)
[EFX-0000 INFO] ... Flat optimizations begin
[EFX-0000 INFO] ... Flat optimizations end (Real time : 0s CPU user time : 0s CPU sys time : 0s MEM : 104128KB)
[EFX-0000 INFO] ... Flat synthesis begin
[EFX-0000 INFO] ... Flat synthesis end (Real time : 0s CPU user time : 0s CPU sys time : 0s MEM : 104128KB)
[EFX-0000 INFO] ... Flat optimizations begin
[EFX-0000 INFO] ... Flat optimizations end (Real time : 0s CPU user time : 0s CPU sys time : 0s MEM : 104128KB)
[EFX-0000 INFO] ... Check and break combinational loops begin
[EFX-0000 INFO] ... Check and break combinational loops end (Real time : 0s CPU user time : 0s CPU sys time : 0s MEM : 104128KB)
[EFX-0000 INFO] ... Sequential Optimization begin
[EFX-0000 INFO] ... Clock Network 'clk' with 699 loads will be considered for sequential optimization.
[EFX-0000 INFO] ... Sequential Optimization deduced 290 equivalent points.
[EFX-0000 INFO] ... Sequential Optimization end (Real time : 0s CPU user time : 1s CPU sys time : 0s MEM : 121992KB)
[EFX-0000 INFO] ... Setup for logic synthesis begin
[EFX-0000 INFO] ... Setup for logic synthesis end (Real time : 0s CPU user time : 1s CPU sys time : 0s MEM : 121992KB)
[EFX-0000 INFO] ... LUT mapping begin
[EFX-0000 INFO] ... LS, strategy: 3, nd: 645, ed: 2050, lv: 4, pw: 1921.18
[EFX-0000 INFO] ... LUT mapping end (Real time : 1s CPU user time : 2s CPU sys time : 0s MEM : 174388KB)
[EFX-0000 INFO] ... Post-synthesis Verific netlist creation begin
[EFX-0000 INFO] ... Post-synthesis Verific netlist creation end (Real time : 0s CPU user time : 2s CPU sys time : 0s MEM : 174388KB)
[EFX-0000 INFO] ... Postmap Retiming Optimization begin
[EFX-0000 INFO] ... Clock Network 'clk~clk' with 689 loads will be considered for retiming optimization.
[EFX-0000 INFO] ... Performed 2 retime moves.
[EFX-0000 INFO] ... Postmap Retiming Optimization end (Real time : 1s CPU user time : 2s CPU sys time : 0s MEM : 174388KB)
[EFX-0000 INFO] Resource Summary 
[EFX-0000 INFO] =============================== 
[EFX-0000 INFO] EFX_ADD         : 	561
[EFX-0000 INFO] EFX_LUT4        : 	644
[EFX-0000 INFO] EFX_MULT        : 	14
[EFX-0000 INFO] EFX_FF          : 	624
[EFX-0000 INFO] EFX_RAM_5K      : 	35
[EFX-0000 INFO] EFX_GBUFCE      : 	1
[EFX-0000 INFO] =============================== 
[EFX-0000 INFO] ... Post-Map Verilog Writer begin
[EFX-0000 INFO] ... Post-Map Verilog Writer end (Real time : 0s CPU user time : 2s CPU sys time : 0s MEM : 174388KB)

///////////////////////////////////
// Efinity Synthesis Started 
// Jun 03, 2026 21:35:39
///////////////////////////////////

[EFX-0012 VERI-INFO] default VHDL library search path is now "/home/curtis-button/eda/efinity/2025.2/sim_models/vhdl/packages/vhdl_2008" (VHDL-1504) 
[EFX-0012 VERI-INFO] compiling module 'SpinalNNTop' (VERI-1018) (/home/curtis-button/projects/spinalnn/rtl/flat/SpinalNNTop.v:6)
[EFX-0012 VERI-INFO] extracting RAM for identifier 'conv1_inputBuf_0' (VERI-2571) (/home/curtis-button/projects/spinalnn/rtl/flat/SpinalNNTop.v:466)
[EFX-0012 VERI-INFO] extracting RAM for identifier 'conv1_weightRom_0' (VERI-2571) (/home/curtis-button/projects/spinalnn/rtl/flat/SpinalNNTop.v:467)
[EFX-0012 VERI-INFO] extracting RAM for identifier 'conv1_biasRom' (VERI-2571) (/home/curtis-button/projects/spinalnn/rtl/flat/SpinalNNTop.v:468)
[EFX-0012 VERI-INFO] extracting RAM for identifier 'pool1_inputBuf' (VERI-2571) (/home/curtis-button/projects/spinalnn/rtl/flat/SpinalNNTop.v:469)
[EFX-0012 VERI-INFO] extracting RAM for identifier 'conv2_inputBuf_0' (VERI-2571) (/home/curtis-button/projects/spinalnn/rtl/flat/SpinalNNTop.v:470)
[EFX-0012 VERI-INFO] extracting RAM for identifier 'conv2_weightRom_0' (VERI-2571) (/home/curtis-button/projects/spinalnn/rtl/flat/SpinalNNTop.v:471)
[EFX-0012 VERI-INFO] extracting RAM for identifier 'conv2_biasRom' (VERI-2571) (/home/curtis-button/projects/spinalnn/rtl/flat/SpinalNNTop.v:472)
[EFX-0012 VERI-INFO] extracting RAM for identifier 'pool2_inputBuf' (VERI-2571) (/home/curtis-button/projects/spinalnn/rtl/flat/SpinalNNTop.v:473)
[EFX-0012 VERI-INFO] extracting RAM for identifier 'linear1_inputBuf' (VERI-2571) (/home/curtis-button/projects/spinalnn/rtl/flat/SpinalNNTop.v:474)
[EFX-0012 VERI-INFO] extracting RAM for identifier 'linear1_weightRom' (VERI-2571) (/home/curtis-button/projects/spinalnn/rtl/flat/SpinalNNTop.v:475)
[EFX-0012 VERI-INFO] extracting RAM for identifier 'linear1_biasRom' (VERI-2571) (/home/curtis-button/projects/spinalnn/rtl/flat/SpinalNNTop.v:476)
[EFX-0011 VERI-WARNING] net 'conv1_weightRom_0' does not have a driver (VDB-1002) (/home/curtis-button/projects/spinalnn/rtl/flat/SpinalNNTop.v:467)
[EFX-0011 VERI-WARNING] net 'conv1_biasRom' does not have a driver (VDB-1002) (/home/curtis-button/projects/spinalnn/rtl/flat/SpinalNNTop.v:468)
[EFX-0011 VERI-WARNING] net 'conv2_weightRom_0' does not have a driver (VDB-1002) (/home/curtis-button/projects/spinalnn/rtl/flat/SpinalNNTop.v:471)
[EFX-0011 VERI-WARNING] net 'conv2_biasRom' does not have a driver (VDB-1002) (/home/curtis-button/projects/spinalnn/rtl/flat/SpinalNNTop.v:472)
[EFX-0011 VERI-WARNING] net 'linear1_weightRom' does not have a driver (VDB-1002) (/home/curtis-button/projects/spinalnn/rtl/flat/SpinalNNTop.v:475)
[EFX-0011 VERI-WARNING] net 'linear1_biasRom' does not have a driver (VDB-1002) (/home/curtis-button/projects/spinalnn/rtl/flat/SpinalNNTop.v:476)
[EFX-0000 INFO] ... Setting Synthesis Option: mode=speed
[EFX-0012 VERI-INFO] compiling module 'EFX_ADD' (VERI-1018) (/home/curtis-button/eda/efinity/2025.2/sim_models/maplib/efinix_maplib.v:8)
[EFX-0012 VERI-INFO] compiling module 'EFX_FF' (VERI-1018) (/home/curtis-button/eda/efinity/2025.2/sim_models/maplib/efinix_maplib.v:21)
[EFX-0012 VERI-INFO] compiling module 'EFX_COMB4' (VERI-1018) (/home/curtis-button/eda/efinity/2025.2/sim_models/maplib/efinix_maplib.v:38)
[EFX-0012 VERI-INFO] compiling module 'EFX_GBUFCE' (VERI-1018) (/home/curtis-button/eda/efinity/2025.2/sim_models/maplib/efinix_maplib.v:48)
[EFX-0012 VERI-INFO] compiling module 'EFX_LUT4' (VERI-1018) (/home/curtis-button/eda/efinity/2025.2/sim_models/maplib/efinix_maplib.v:57)
[EFX-0012 VERI-INFO] compiling module 'EFX_MULT' (VERI-1018) (/home/curtis-button/eda/efinity/2025.2/sim_models/maplib/efinix_maplib.v:65)
[EFX-0012 VERI-INFO] compiling module 'EFX_DSP48' (VERI-1018) (/home/curtis-button/eda/efinity/2025.2/sim_models/maplib/efinix_maplib.v:100)
[EFX-0012 VERI-INFO] compiling module 'EFX_DSP24' (VERI-1018) (/home/curtis-button/eda/efinity/2025.2/sim_models/maplib/efinix_maplib.v:156)
[EFX-0012 VERI-INFO] compiling module 'EFX_DSP12' (VERI-1018) (/home/curtis-button/eda/efinity/2025.2/sim_models/maplib/efinix_maplib.v:209)
[EFX-0012 VERI-INFO] compiling module 'EFX_RAM_4K' (VERI-1018) (/home/curtis-button/eda/efinity/2025.2/sim_models/maplib/efinix_maplib.v:262)
[EFX-0012 VERI-INFO] compiling module 'EFX_RAM_5K' (VERI-1018) (/home/curtis-button/eda/efinity/2025.2/sim_models/maplib/efinix_maplib.v:322)
[EFX-0012 VERI-INFO] compiling module 'EFX_DPRAM_5K' (VERI-1018) (/home/curtis-button/eda/efinity/2025.2/sim_models/maplib/efinix_maplib.v:394)
[EFX-0012 VERI-INFO] compiling module 'RAMB5' (VERI-1018) (/home/curtis-button/eda/efinity/2025.2/sim_models/maplib/efinix_maplib.v:499)
[EFX-0012 VERI-INFO] compiling module 'EFX_RAM_10K' (VERI-1018) (/home/curtis-button/eda/efinity/2025.2/sim_models/maplib/efinix_maplib.v:561)
[EFX-0012 VERI-INFO] compiling module 'EFX_RAM10' (VERI-1018) (/home/curtis-button/eda/efinity/2025.2/sim_models/maplib/efinix_maplib.v:653)
[EFX-0012 VERI-INFO] compiling module 'EFX_DPRAM10' (VERI-1018) (/home/curtis-button/eda/efinity/2025.2/sim_models/maplib/efinix_maplib.v:754)
[EFX-0012 VERI-INFO] compiling module 'EFX_SRL8' (VERI-1018) (/home/curtis-button/eda/efinity/2025.2/sim_models/maplib/efinix_maplib.v:884)
[EFX-0000 INFO] ... Pre-synthesis checks begin
[EFX-0200 WARNING] Removing redundant signal : _zz_conv1_inputBuf_0_port. (/home/curtis-button/projects/spinalnn/rtl/flat/SpinalNNTop.v:28)
[EFX-0200 WARNING] Removing redundant signal : _zz_conv1_weightRom_0_port. (/home/curtis-button/projects/spinalnn/rtl/flat/SpinalNNTop.v:30)
[EFX-0200 WARNING] Removing redundant signal : _zz_conv1_accumReg_2[2]. (/home/curtis-button/projects/spinalnn/rtl/flat/SpinalNNTop.v:33)
[EFX-0200 WARNING] Removing redundant signal : _zz_conv1_accumReg_2[1]. (/home/curtis-button/projects/spinalnn/rtl/flat/SpinalNNTop.v:33)
[EFX-0200 WARNING] Removing redundant signal : _zz_conv1_accumReg_2[0]. (/home/curtis-button/projects/spinalnn/rtl/flat/SpinalNNTop.v:33)
[EFX-0200 WARNING] Removing redundant signal : _zz_pool1_inputBuf_port. (/home/curtis-button/projects/spinalnn/rtl/flat/SpinalNNTop.v:74)
[EFX-0200 WARNING] Removing redundant signal : _zz_conv2_inputBuf_0_port. (/home/curtis-button/projects/spinalnn/rtl/flat/SpinalNNTop.v:102)
[EFX-0200 WARNING] Removing redundant signal : _zz_conv2_weightRom_0_port. (/home/curtis-button/projects/spinalnn/rtl/flat/SpinalNNTop.v:104)
[EFX-0200 WARNING] Removing redundant signal : _zz_conv2_accumReg_2[3]. (/home/curtis-button/projects/spinalnn/rtl/flat/SpinalNNTop.v:107)
[EFX-0200 WARNING] Removing redundant signal : _zz_conv2_accumReg_2[2]. (/home/curtis-button/projects/spinalnn/rtl/flat/SpinalNNTop.v:107)
[EFX-0200 WARNING] Removing redundant signal : _zz_conv2_accumReg_2[1]. (/home/curtis-button/projects/spinalnn/rtl/flat/SpinalNNTop.v:107)
[EFX-0200 WARNING] Removing redundant signal : _zz_conv2_accumReg_2[0]. (/home/curtis-button/projects/spinalnn/rtl/flat/SpinalNNTop.v:107)
[EFX-0200 WARNING] Removing redundant signal : _zz_pool2_inputBuf_port. (/home/curtis-button/projects/spinalnn/rtl/flat/SpinalNNTop.v:148)
[EFX-0200 WARNING] Removing redundant signal : _zz_linear1_inputBuf_port. (/home/curtis-button/projects/spinalnn/rtl/flat/SpinalNNTop.v:181)
[EFX-0200 WARNING] Removing redundant signal : _zz_linear1_weightRom_port. (/home/curtis-button/projects/spinalnn/rtl/flat/SpinalNNTop.v:183)
[EFX-0677 INFO] ... Memory 'conv1_inputBuf_0' is not initialized, assuming empty initial contents. (/home/curtis-button/projects/spinalnn/rtl/flat/SpinalNNTop.v:466)
[EFX-0677 INFO] ... Memory 'pool1_inputBuf' is not initialized, assuming empty initial contents. (/home/curtis-button/projects/spinalnn/rtl/flat/SpinalNNTop.v:469)
[EFX-0677 INFO] ... Memory 'conv2_inputBuf_0' is not initialized, assuming empty initial contents. (/home/curtis-button/projects/spinalnn/rtl/flat/SpinalNNTop.v:470)
[EFX-0677 INFO] ... Memory 'pool2_inputBuf' is not initialized, assuming empty initial contents. (/home/curtis-button/projects/spinalnn/rtl/flat/SpinalNNTop.v:473)
[EFX-0677 INFO] ... Memory 'linear1_inputBuf' is not initialized, assuming empty initial contents. (/home/curtis-button/projects/spinalnn/rtl/flat/SpinalNNTop.v:474)
[EFX-0000 INFO] ... Pre-synthesis checks end (Real time : 0s CPU user time : 0s CPU sys time : 0s MEM : 86928KB)
[EFX-0000 INFO] ... NameSpace init begin
[EFX-0000 INFO] ... NameSpace init end (Real time : 0s CPU user time : 0s CPU sys time : 0s MEM : 86928KB)
[EFX-0000 INFO] ... Mapping design "SpinalNNTop"
[EFX-0000 INFO] ... Hierarchical pre-synthesis "SpinalNNTop" begin
[EFX-0657 WARNING] Mapping into logic memory block 'conv1_biasRom' (256 bits) (/home/curtis-button/projects/spinalnn/rtl/flat/SpinalNNTop.v:468) because read port is not synchronous.
[EFX-0657 WARNING] Mapping into logic memory block 'conv2_biasRom' (512 bits) (/home/curtis-button/projects/spinalnn/rtl/flat/SpinalNNTop.v:472) because read port is not synchronous.
[EFX-0657 WARNING] Mapping into logic memory block 'linear1_biasRom' (320 bits) (/home/curtis-button/projects/spinalnn/rtl/flat/SpinalNNTop.v:476) because read port is not synchronous.
[EFX-0000 INFO] ... Clock Enable Synthesis Performed on 253 flops.
[EFX-0000 INFO] ... Performed 1 retime moves after multiplier decomposition.
[EFX-0000 INFO] ... Hierarchical pre-synthesis "SpinalNNTop" end (Real time : 0s CPU user time : 0s CPU sys time : 0s MEM : 104200KB)
[EFX-0000 INFO] ... Flat optimizations begin
[EFX-0000 INFO] ... Flat optimizations end (Real time : 0s CPU user time : 0s CPU sys time : 0s MEM : 104200KB)
[EFX-0000 INFO] ... Flat synthesis begin
[EFX-0000 INFO] ... Flat synthesis end (Real time : 0s CPU user time : 0s CPU sys time : 0s MEM : 104360KB)
[EFX-0000 INFO] ... Flat optimizations begin
[EFX-0000 INFO] ... Flat optimizations end (Real time : 0s CPU user time : 0s CPU sys time : 0s MEM : 104360KB)
[EFX-0000 INFO] ... Check and break combinational loops begin
[EFX-0000 INFO] ... Check and break combinational loops end (Real time : 0s CPU user time : 0s CPU sys time : 0s MEM : 104360KB)
[EFX-0000 INFO] ... Sequential Optimization begin
[EFX-0000 INFO] ... Clock Network 'clk' with 747 loads will be considered for sequential optimization.
[EFX-0000 INFO] ... Sequential Optimization deduced 286 equivalent points.
[EFX-0000 INFO] ... Sequential Optimization end (Real time : 1s CPU user time : 1s CPU sys time : 0s MEM : 122360KB)
[EFX-0000 INFO] ... Setup for logic synthesis begin
[EFX-0000 INFO] ... Setup for logic synthesis end (Real time : 0s CPU user time : 1s CPU sys time : 0s MEM : 122360KB)
[EFX-0000 INFO] ... LUT mapping begin
[EFX-0000 INFO] ... LS, strategy: 3, nd: 657, ed: 2089, lv: 4, pw: 1972.17
[EFX-0000 INFO] ... LUT mapping end (Real time : 1s CPU user time : 2s CPU sys time : 0s MEM : 172616KB)
[EFX-0000 INFO] ... Post-synthesis Verific netlist creation begin
[EFX-0000 INFO] ... Post-synthesis Verific netlist creation end (Real time : 0s CPU user time : 2s CPU sys time : 0s MEM : 172616KB)
[EFX-0000 INFO] ... Postmap Retiming Optimization begin
[EFX-0000 INFO] ... Clock Network 'clk~clk' with 737 loads will be considered for retiming optimization.
[EFX-0000 INFO] ... Performed 2 retime moves.
[EFX-0000 INFO] ... Postmap Retiming Optimization end (Real time : 0s CPU user time : 2s CPU sys time : 0s MEM : 172616KB)
[EFX-0000 INFO] Resource Summary 
[EFX-0000 INFO] =============================== 
[EFX-0000 INFO] EFX_ADD         : 	561
[EFX-0000 INFO] EFX_LUT4        : 	656
[EFX-0000 INFO] EFX_MULT        : 	14
[EFX-0000 INFO] EFX_FF          : 	624
[EFX-0000 INFO] EFX_RAM_5K      : 	35
[EFX-0000 INFO] EFX_GBUFCE      : 	1
[EFX-0000 INFO] =============================== 
[EFX-0000 INFO] ... Post-Map Verilog Writer begin
[EFX-0000 INFO] ... Post-Map Verilog Writer end (Real time : 0s CPU user time : 2s CPU sys time : 0s MEM : 172616KB)

///////////////////////////////////
// Efinity Synthesis Started 
// Jun 03, 2026 21:38:33
///////////////////////////////////

[EFX-0012 VERI-INFO] default VHDL library search path is now "/home/curtis-button/eda/efinity/2025.2/sim_models/vhdl/packages/vhdl_2008" (VHDL-1504) 
[EFX-0012 VERI-INFO] compiling module 'SpinalNNTop' (VERI-1018) (/home/curtis-button/projects/spinalnn/rtl/flat/SpinalNNTop.v:6)
[EFX-0012 VERI-INFO] extracting RAM for identifier 'conv1_inputBuf_0' (VERI-2571) (/home/curtis-button/projects/spinalnn/rtl/flat/SpinalNNTop.v:468)
[EFX-0012 VERI-INFO] extracting RAM for identifier 'conv1_weightRom_0' (VERI-2571) (/home/curtis-button/projects/spinalnn/rtl/flat/SpinalNNTop.v:469)
[EFX-0012 VERI-INFO] extracting RAM for identifier 'conv1_biasRom' (VERI-2571) (/home/curtis-button/projects/spinalnn/rtl/flat/SpinalNNTop.v:470)
[EFX-0012 VERI-INFO] extracting RAM for identifier 'pool1_inputBuf' (VERI-2571) (/home/curtis-button/projects/spinalnn/rtl/flat/SpinalNNTop.v:471)
[EFX-0012 VERI-INFO] extracting RAM for identifier 'conv2_inputBuf_0' (VERI-2571) (/home/curtis-button/projects/spinalnn/rtl/flat/SpinalNNTop.v:472)
[EFX-0012 VERI-INFO] extracting RAM for identifier 'conv2_weightRom_0' (VERI-2571) (/home/curtis-button/projects/spinalnn/rtl/flat/SpinalNNTop.v:473)
[EFX-0012 VERI-INFO] extracting RAM for identifier 'conv2_biasRom' (VERI-2571) (/home/curtis-button/projects/spinalnn/rtl/flat/SpinalNNTop.v:474)
[EFX-0012 VERI-INFO] extracting RAM for identifier 'pool2_inputBuf' (VERI-2571) (/home/curtis-button/projects/spinalnn/rtl/flat/SpinalNNTop.v:475)
[EFX-0012 VERI-INFO] extracting RAM for identifier 'linear1_inputBuf' (VERI-2571) (/home/curtis-button/projects/spinalnn/rtl/flat/SpinalNNTop.v:476)
[EFX-0012 VERI-INFO] extracting RAM for identifier 'linear1_weightRom' (VERI-2571) (/home/curtis-button/projects/spinalnn/rtl/flat/SpinalNNTop.v:477)
[EFX-0012 VERI-INFO] extracting RAM for identifier 'linear1_biasRom' (VERI-2571) (/home/curtis-button/projects/spinalnn/rtl/flat/SpinalNNTop.v:478)
[EFX-0011 VERI-WARNING] net 'conv1_weightRom_0' does not have a driver (VDB-1002) (/home/curtis-button/projects/spinalnn/rtl/flat/SpinalNNTop.v:469)
[EFX-0011 VERI-WARNING] net 'conv1_biasRom' does not have a driver (VDB-1002) (/home/curtis-button/projects/spinalnn/rtl/flat/SpinalNNTop.v:470)
[EFX-0011 VERI-WARNING] net 'conv2_weightRom_0' does not have a driver (VDB-1002) (/home/curtis-button/projects/spinalnn/rtl/flat/SpinalNNTop.v:473)
[EFX-0011 VERI-WARNING] net 'conv2_biasRom' does not have a driver (VDB-1002) (/home/curtis-button/projects/spinalnn/rtl/flat/SpinalNNTop.v:474)
[EFX-0011 VERI-WARNING] net 'linear1_weightRom' does not have a driver (VDB-1002) (/home/curtis-button/projects/spinalnn/rtl/flat/SpinalNNTop.v:477)
[EFX-0011 VERI-WARNING] net 'linear1_biasRom' does not have a driver (VDB-1002) (/home/curtis-button/projects/spinalnn/rtl/flat/SpinalNNTop.v:478)
[EFX-0000 INFO] ... Setting Synthesis Option: mode=speed
[EFX-0012 VERI-INFO] compiling module 'EFX_ADD' (VERI-1018) (/home/curtis-button/eda/efinity/2025.2/sim_models/maplib/efinix_maplib.v:8)
[EFX-0012 VERI-INFO] compiling module 'EFX_FF' (VERI-1018) (/home/curtis-button/eda/efinity/2025.2/sim_models/maplib/efinix_maplib.v:21)
[EFX-0012 VERI-INFO] compiling module 'EFX_COMB4' (VERI-1018) (/home/curtis-button/eda/efinity/2025.2/sim_models/maplib/efinix_maplib.v:38)
[EFX-0012 VERI-INFO] compiling module 'EFX_GBUFCE' (VERI-1018) (/home/curtis-button/eda/efinity/2025.2/sim_models/maplib/efinix_maplib.v:48)
[EFX-0012 VERI-INFO] compiling module 'EFX_LUT4' (VERI-1018) (/home/curtis-button/eda/efinity/2025.2/sim_models/maplib/efinix_maplib.v:57)
[EFX-0012 VERI-INFO] compiling module 'EFX_MULT' (VERI-1018) (/home/curtis-button/eda/efinity/2025.2/sim_models/maplib/efinix_maplib.v:65)
[EFX-0012 VERI-INFO] compiling module 'EFX_DSP48' (VERI-1018) (/home/curtis-button/eda/efinity/2025.2/sim_models/maplib/efinix_maplib.v:100)
[EFX-0012 VERI-INFO] compiling module 'EFX_DSP24' (VERI-1018) (/home/curtis-button/eda/efinity/2025.2/sim_models/maplib/efinix_maplib.v:156)
[EFX-0012 VERI-INFO] compiling module 'EFX_DSP12' (VERI-1018) (/home/curtis-button/eda/efinity/2025.2/sim_models/maplib/efinix_maplib.v:209)
[EFX-0012 VERI-INFO] compiling module 'EFX_RAM_4K' (VERI-1018) (/home/curtis-button/eda/efinity/2025.2/sim_models/maplib/efinix_maplib.v:262)
[EFX-0012 VERI-INFO] compiling module 'EFX_RAM_5K' (VERI-1018) (/home/curtis-button/eda/efinity/2025.2/sim_models/maplib/efinix_maplib.v:322)
[EFX-0012 VERI-INFO] compiling module 'EFX_DPRAM_5K' (VERI-1018) (/home/curtis-button/eda/efinity/2025.2/sim_models/maplib/efinix_maplib.v:394)
[EFX-0012 VERI-INFO] compiling module 'RAMB5' (VERI-1018) (/home/curtis-button/eda/efinity/2025.2/sim_models/maplib/efinix_maplib.v:499)
[EFX-0012 VERI-INFO] compiling module 'EFX_RAM_10K' (VERI-1018) (/home/curtis-button/eda/efinity/2025.2/sim_models/maplib/efinix_maplib.v:561)
[EFX-0012 VERI-INFO] compiling module 'EFX_RAM10' (VERI-1018) (/home/curtis-button/eda/efinity/2025.2/sim_models/maplib/efinix_maplib.v:653)
[EFX-0012 VERI-INFO] compiling module 'EFX_DPRAM10' (VERI-1018) (/home/curtis-button/eda/efinity/2025.2/sim_models/maplib/efinix_maplib.v:754)
[EFX-0012 VERI-INFO] compiling module 'EFX_SRL8' (VERI-1018) (/home/curtis-button/eda/efinity/2025.2/sim_models/maplib/efinix_maplib.v:884)
[EFX-0000 INFO] ... Pre-synthesis checks begin
[EFX-0200 WARNING] Removing redundant signal : _zz_conv1_inputBuf_0_port. (/home/curtis-button/projects/spinalnn/rtl/flat/SpinalNNTop.v:28)
[EFX-0200 WARNING] Removing redundant signal : _zz_conv1_weightRom_0_port. (/home/curtis-button/projects/spinalnn/rtl/flat/SpinalNNTop.v:30)
[EFX-0200 WARNING] Removing redundant signal : _zz_conv1_accumReg_2[2]. (/home/curtis-button/projects/spinalnn/rtl/flat/SpinalNNTop.v:33)
[EFX-0200 WARNING] Removing redundant signal : _zz_conv1_accumReg_2[1]. (/home/curtis-button/projects/spinalnn/rtl/flat/SpinalNNTop.v:33)
[EFX-0200 WARNING] Removing redundant signal : _zz_conv1_accumReg_2[0]. (/home/curtis-button/projects/spinalnn/rtl/flat/SpinalNNTop.v:33)
[EFX-0200 WARNING] Removing redundant signal : _zz_pool1_inputBuf_port. (/home/curtis-button/projects/spinalnn/rtl/flat/SpinalNNTop.v:74)
[EFX-0200 WARNING] Removing redundant signal : _zz_conv2_inputBuf_0_port. (/home/curtis-button/projects/spinalnn/rtl/flat/SpinalNNTop.v:102)
[EFX-0200 WARNING] Removing redundant signal : _zz_conv2_weightRom_0_port. (/home/curtis-button/projects/spinalnn/rtl/flat/SpinalNNTop.v:104)
[EFX-0200 WARNING] Removing redundant signal : _zz_conv2_accumReg_2[3]. (/home/curtis-button/projects/spinalnn/rtl/flat/SpinalNNTop.v:107)
[EFX-0200 WARNING] Removing redundant signal : _zz_conv2_accumReg_2[2]. (/home/curtis-button/projects/spinalnn/rtl/flat/SpinalNNTop.v:107)
[EFX-0200 WARNING] Removing redundant signal : _zz_conv2_accumReg_2[1]. (/home/curtis-button/projects/spinalnn/rtl/flat/SpinalNNTop.v:107)
[EFX-0200 WARNING] Removing redundant signal : _zz_conv2_accumReg_2[0]. (/home/curtis-button/projects/spinalnn/rtl/flat/SpinalNNTop.v:107)
[EFX-0200 WARNING] Removing redundant signal : _zz_pool2_inputBuf_port. (/home/curtis-button/projects/spinalnn/rtl/flat/SpinalNNTop.v:148)
[EFX-0200 WARNING] Removing redundant signal : _zz_linear1_inputBuf_port. (/home/curtis-button/projects/spinalnn/rtl/flat/SpinalNNTop.v:181)
[EFX-0200 WARNING] Removing redundant signal : _zz_linear1_weightRom_port. (/home/curtis-button/projects/spinalnn/rtl/flat/SpinalNNTop.v:183)
[EFX-0677 INFO] ... Memory 'conv1_inputBuf_0' is not initialized, assuming empty initial contents. (/home/curtis-button/projects/spinalnn/rtl/flat/SpinalNNTop.v:468)
[EFX-0677 INFO] ... Memory 'pool1_inputBuf' is not initialized, assuming empty initial contents. (/home/curtis-button/projects/spinalnn/rtl/flat/SpinalNNTop.v:471)
[EFX-0677 INFO] ... Memory 'conv2_inputBuf_0' is not initialized, assuming empty initial contents. (/home/curtis-button/projects/spinalnn/rtl/flat/SpinalNNTop.v:472)
[EFX-0677 INFO] ... Memory 'pool2_inputBuf' is not initialized, assuming empty initial contents. (/home/curtis-button/projects/spinalnn/rtl/flat/SpinalNNTop.v:475)
[EFX-0677 INFO] ... Memory 'linear1_inputBuf' is not initialized, assuming empty initial contents. (/home/curtis-button/projects/spinalnn/rtl/flat/SpinalNNTop.v:476)
[EFX-0000 INFO] ... Pre-synthesis checks end (Real time : 0s CPU user time : 0s CPU sys time : 0s MEM : 86656KB)
[EFX-0000 INFO] ... NameSpace init begin
[EFX-0000 INFO] ... NameSpace init end (Real time : 0s CPU user time : 0s CPU sys time : 0s MEM : 86840KB)
[EFX-0000 INFO] ... Mapping design "SpinalNNTop"
[EFX-0000 INFO] ... Hierarchical pre-synthesis "SpinalNNTop" begin
[EFX-0657 WARNING] Mapping into logic memory block 'conv1_biasRom' (256 bits) (/home/curtis-button/projects/spinalnn/rtl/flat/SpinalNNTop.v:470) because read port is not synchronous.
[EFX-0657 WARNING] Mapping into logic memory block 'conv2_biasRom' (512 bits) (/home/curtis-button/projects/spinalnn/rtl/flat/SpinalNNTop.v:474) because read port is not synchronous.
[EFX-0657 WARNING] Mapping into logic memory block 'linear1_biasRom' (320 bits) (/home/curtis-button/projects/spinalnn/rtl/flat/SpinalNNTop.v:478) because read port is not synchronous.
[EFX-0000 INFO] ... Clock Enable Synthesis Performed on 253 flops.
[EFX-0000 INFO] ... Performed 1 retime moves after multiplier decomposition.
[EFX-0000 INFO] ... Hierarchical pre-synthesis "SpinalNNTop" end (Real time : 0s CPU user time : 0s CPU sys time : 0s MEM : 104272KB)
[EFX-0000 INFO] ... Flat optimizations begin
[EFX-0000 INFO] ... Flat optimizations end (Real time : 0s CPU user time : 0s CPU sys time : 0s MEM : 104272KB)
[EFX-0000 INFO] ... Flat synthesis begin
[EFX-0000 INFO] ... Flat synthesis end (Real time : 0s CPU user time : 0s CPU sys time : 0s MEM : 104272KB)
[EFX-0000 INFO] ... Flat optimizations begin
[EFX-0000 INFO] ... Flat optimizations end (Real time : 0s CPU user time : 0s CPU sys time : 0s MEM : 104272KB)
[EFX-0000 INFO] ... Check and break combinational loops begin
[EFX-0000 INFO] ... Check and break combinational loops end (Real time : 0s CPU user time : 0s CPU sys time : 0s MEM : 104272KB)
[EFX-0000 INFO] ... Sequential Optimization begin
[EFX-0000 INFO] ... Clock Network 'clk' with 763 loads will be considered for sequential optimization.
[EFX-0000 INFO] ... Sequential Optimization deduced 291 equivalent points.
[EFX-0000 INFO] ... Sequential Optimization end (Real time : 1s CPU user time : 1s CPU sys time : 0s MEM : 122460KB)
[EFX-0000 INFO] ... Setup for logic synthesis begin
[EFX-0000 INFO] ... Setup for logic synthesis end (Real time : 0s CPU user time : 1s CPU sys time : 0s MEM : 122460KB)
[EFX-0000 INFO] ... LUT mapping begin
[EFX-0000 INFO] ... LS, strategy: 3, nd: 629, ed: 1974, lv: 4, pw: 1925.12
[EFX-0000 INFO] ... LUT mapping end (Real time : 1s CPU user time : 2s CPU sys time : 0s MEM : 173036KB)
[EFX-0000 INFO] ... Post-synthesis Verific netlist creation begin
[EFX-0000 INFO] ... Post-synthesis Verific netlist creation end (Real time : 0s CPU user time : 2s CPU sys time : 0s MEM : 173036KB)
[EFX-0000 INFO] ... Postmap Retiming Optimization begin
[EFX-0000 INFO] ... Clock Network 'clk~clk' with 753 loads will be considered for retiming optimization.
[EFX-0000 INFO] ... Performed 2 retime moves.
[EFX-0000 INFO] ... Postmap Retiming Optimization end (Real time : 0s CPU user time : 2s CPU sys time : 0s MEM : 173036KB)
[EFX-0000 INFO] Resource Summary 
[EFX-0000 INFO] =============================== 
[EFX-0000 INFO] EFX_ADD         : 	561
[EFX-0000 INFO] EFX_LUT4        : 	628
[EFX-0000 INFO] EFX_MULT        : 	14
[EFX-0000 INFO] EFX_FF          : 	640
[EFX-0000 INFO] EFX_RAM_5K      : 	35
[EFX-0000 INFO] EFX_GBUFCE      : 	1
[EFX-0000 INFO] =============================== 
[EFX-0000 INFO] ... Post-Map Verilog Writer begin
[EFX-0000 INFO] ... Post-Map Verilog Writer end (Real time : 0s CPU user time : 2s CPU sys time : 0s MEM : 173036KB)
