
Efinix Static Timing Analysis Report
Version: 2025.2.288.2.10
Date: Wed Jun  3 21:50:08 2026

Copyright (C) 2013 - 2025 Efinix, Inc. All rights reserved.

Top-level Entity Name: spinalnn_benchmark

SDC Filename: Not Specified

Timing Model: C4
	temperature : 0C to 85C
	voltage : 1.2V +/-50mV
	speedgrade : 4
	technology : s40ll
	status : final

---------- Table of Contents (begin) ----------
   1. Clock Frequency Summary
   2. Clock Relationship Summary
   3. Path Details for Max Critical Paths
   4. Path Details for Min Critical Paths
---------- Table of Contents (end) ------------

---------- 1. Clock Frequency Summary (begin) ----------

User target constrained clocks
 Clock Name  Period (ns)  Frequency (MHz)   Waveform      Targets
    clk         1.000        1000.000     {0.000 0.500}    {clk}

Maximum possible analyzed clocks frequency
 Clock Name  Period (ns)  Frequency (MHz)     Edge
    clk         6.166        162.180         (R-R)

Geomean max period: 6.166

---------- Clock Frequency Summary (end) ---------------

---------- 2. Clock Relationship Summary (begin) ----------

Setup (Max) Clock Relationship
  Launch Clock    Capture Clock   Constraint (ns)     Slack (ns)          Edge
      clk              clk             1.000            -5.166           (R-R)

Hold (Min) Clock Relationship
  Launch Clock    Capture Clock   Constraint (ns)     Slack (ns)          Edge
      clk              clk             0.000            0.188            (R-R)

NOTE: Values are in nanoseconds.

---------- Clock Relationship Summary (end) ---------------

---------- 3. Path Details for Max Critical Paths (begin) ----------

################################################################################
Path Detail Report (clk vs clk)
################################################################################


++++ Path 1 ++++++++++++++++++++++++++++++++++++++++++++++++++++++++++++++++++++

Path Begin    : mult_716|CLK                         
Path End      : conv2_part1Reg[33]~FF_frt_61|D       
Launch Clock  : clk (RISE)                           
Capture Clock : clk (RISE)                           
Slack         : -5.166 (required time - arrival time)
Delay         : 5.367                                

Logic Level             : 35
Non-global nets on path : 35
Global nets on path     :  0

Launch Clock Path Delay        :  4.110
+ Clock To Q + Data Path Delay :  6.046
---------------------------------------
End-of-path arrival time       : 10.156

Constraint                     : 1.000
+ Capture Clock Path Delay     : 4.110
- Clock Uncertainty            : 0.120
--------------------------------------
End-of-path required time      : 4.990

Launch Clock Path
    name      model name   delay (ns)  cumulative delay (ns) pins on net    location
======================================================================================
clk           inpad          0.000             0.000               0        (0,118) 
clk           inpad          0.200             0.200               2        (0,118) 
clk           net            0.320             0.520               2        (0,118) 
   Routing elements:
      Manhattan distance of X:1, Y:0
CLKBUF__0|I   gbuf           3.590             4.110               2        (1,118) 
CLKBUF__0|O   gbuf           0.000             4.110             776        (1,118) 
clk~O         net            0.000             4.110             776        (1,118) 
mult_716|CLK  mult_18x18     0.000             4.110             776        (75,122)

Data Path
             name               model name   delay (ns)  cumulative delay (ns) pins on net    location
========================================================================================================
mult_716|O[8]                   mult_18x18     0.561             0.561              2         (75,122)
conv2_pHL_Reg[15]               net            1.903             2.464              2         (75,122)
   Routing elements:
      Manhattan distance of X:8, Y:9
add_107/i16|I0                  adder          0.223             2.687              2         (83,131)
add_107/i16|CO                  adder          0.000             2.687              2         (83,131)
add_107/n32                     net            0.000             2.687              2         (83,131)
   Routing elements:
      Manhattan distance of X:0, Y:1
add_107/i17|CI                  adder          0.050             2.737              2         (83,132)
add_107/i17|CO                  adder          0.000             2.737              2         (83,132)
add_107/n34                     net            0.000             2.737              2         (83,132)
   Routing elements:
      Manhattan distance of X:0, Y:1
add_107/i18|CI                  adder          0.050             2.787              2         (83,133)
add_107/i18|CO                  adder          0.000             2.787              2         (83,133)
add_107/n36                     net            0.000             2.787              2         (83,133)
   Routing elements:
      Manhattan distance of X:0, Y:1
add_107/i19|CI                  adder          0.050             2.837              2         (83,134)
add_107/i19|CO                  adder          0.000             2.837              2         (83,134)
add_107/n38                     net            0.000             2.837              2         (83,134)
   Routing elements:
      Manhattan distance of X:0, Y:1
add_107/i20|CI                  adder          0.050             2.887              2         (83,135)
add_107/i20|CO                  adder          0.000             2.887              2         (83,135)
add_107/n40                     net            0.000             2.887              2         (83,135)
   Routing elements:
      Manhattan distance of X:0, Y:1
add_107/i21|CI                  adder          0.050             2.937              2         (83,136)
add_107/i21|CO                  adder          0.000             2.937              2         (83,136)
add_107/n42                     net            0.000             2.937              2         (83,136)
   Routing elements:
      Manhattan distance of X:0, Y:1
add_107/i22|CI                  adder          0.050             2.987              2         (83,137)
add_107/i22|CO                  adder          0.000             2.987              2         (83,137)
add_107/n44                     net            0.000             2.987              2         (83,137)
   Routing elements:
      Manhattan distance of X:0, Y:1
add_107/i23|CI                  adder          0.050             3.037              2         (83,138)
add_107/i23|CO                  adder          0.000             3.037              2         (83,138)
add_107/n46                     net            0.000             3.037              2         (83,138)
   Routing elements:
      Manhattan distance of X:0, Y:1
add_107/i24|CI                  adder          0.050             3.087              2         (83,139)
add_107/i24|CO                  adder          0.000             3.087              2         (83,139)
add_107/n48                     net            0.000             3.087              2         (83,139)
   Routing elements:
      Manhattan distance of X:0, Y:1
add_107/i25|CI                  adder          0.050             3.137              2         (83,140)
add_107/i25|CO                  adder          0.000             3.137              2         (83,140)
add_107/n50                     net            0.000             3.137              2         (83,140)
   Routing elements:
      Manhattan distance of X:0, Y:1
add_107/i26|CI                  adder          0.190             3.327              2         (83,141)
add_107/i26|O                   adder          0.000             3.327              2         (83,141)
_zz_conv2_part1Reg_4[25]        net            0.438             3.765              2         (83,141)
   Routing elements:
      Manhattan distance of X:12, Y:0
add_723/i42|I1                  adder          0.223             3.988              2         (95,141)
add_723/i42|CO                  adder          0.000             3.988              2         (95,141)
add_723/n84                     net            0.000             3.988              2         (95,141)
   Routing elements:
      Manhattan distance of X:0, Y:1
add_723/i43|CI                  adder          0.050             4.038              2         (95,142)
add_723/i43|CO                  adder          0.000             4.038              2         (95,142)
add_723/n86                     net            0.000             4.038              2         (95,142)
   Routing elements:
      Manhattan distance of X:0, Y:1
add_723/i44|CI                  adder          0.050             4.088              2         (95,143)
add_723/i44|CO                  adder          0.000             4.088              2         (95,143)
add_723/n88                     net            0.000             4.088              2         (95,143)
   Routing elements:
      Manhattan distance of X:0, Y:1
add_723/i45|CI                  adder          0.050             4.138              2         (95,144)
add_723/i45|CO                  adder          0.000             4.138              2         (95,144)
add_723/n90                     net            0.000             4.138              2         (95,144)
   Routing elements:
      Manhattan distance of X:0, Y:1
add_723/i46|CI                  adder          0.050             4.188              2         (95,145)
add_723/i46|CO                  adder          0.000             4.188              2         (95,145)
add_723/n92                     net            0.000             4.188              2         (95,145)
   Routing elements:
      Manhattan distance of X:0, Y:1
add_723/i47|CI                  adder          0.050             4.238              2         (95,146)
add_723/i47|CO                  adder          0.000             4.238              2         (95,146)
add_723/n94                     net            0.000             4.238              2         (95,146)
   Routing elements:
      Manhattan distance of X:0, Y:1
add_723/i48|CI                  adder          0.050             4.288              2         (95,147)
add_723/i48|CO                  adder          0.000             4.288              2         (95,147)
n4361                           net            0.000             4.288              2         (95,147)
   Routing elements:
      Manhattan distance of X:0, Y:1
add_723/i48__AUX_ADD_CO|CI      adder          0.190             4.478              2         (95,148)
add_723/i48__AUX_ADD_CO|O       adder          0.000             4.478              2         (95,148)
n8429                           net            0.337             4.815              2         (95,148)
   Routing elements:
      Manhattan distance of X:2, Y:0
add_400/i49|I1                  adder          0.223             5.038              2         (97,148)
add_400/i49|CO                  adder          0.000             5.038              2         (97,148)
add_400/n98                     net            0.000             5.038              2         (97,148)
   Routing elements:
      Manhattan distance of X:0, Y:1
add_400/i50|CI                  adder          0.050             5.088              2         (97,149)
add_400/i50|CO                  adder          0.000             5.088              2         (97,149)
add_400/n100                    net            0.000             5.088              2         (97,149)
   Routing elements:
      Manhattan distance of X:0, Y:1
add_400/i51|CI                  adder          0.050             5.138              2         (97,150)
add_400/i51|CO                  adder          0.000             5.138              2         (97,150)
add_400/n102                    net            0.000             5.138              2         (97,150)
   Routing elements:
      Manhattan distance of X:0, Y:1
add_400/i52|CI                  adder          0.050             5.188              2         (97,151)
add_400/i52|CO                  adder          0.000             5.188              2         (97,151)
add_400/n104                    net            0.000             5.188              2         (97,151)
   Routing elements:
      Manhattan distance of X:0, Y:1
add_400/i53|CI                  adder          0.050             5.238              2         (97,152)
add_400/i53|CO                  adder          0.000             5.238              2         (97,152)
add_400/n106                    net            0.000             5.238              2         (97,152)
   Routing elements:
      Manhattan distance of X:0, Y:1
add_400/i54|CI                  adder          0.050             5.288              2         (97,153)
add_400/i54|CO                  adder          0.000             5.288              2         (97,153)
add_400/n108                    net            0.000             5.288              2         (97,153)
   Routing elements:
      Manhattan distance of X:0, Y:1
add_400/i55|CI                  adder          0.050             5.338              2         (97,154)
add_400/i55|CO                  adder          0.000             5.338              2         (97,154)
add_400/n110                    net            0.000             5.338              2         (97,154)
   Routing elements:
      Manhattan distance of X:0, Y:1
add_400/i56|CI                  adder          0.050             5.388              2         (97,155)
add_400/i56|CO                  adder          0.000             5.388              2         (97,155)
add_400/n112                    net            0.000             5.388              2         (97,155)
   Routing elements:
      Manhattan distance of X:0, Y:1
add_400/i57|CI                  adder          0.050             5.438              2         (97,156)
add_400/i57|CO                  adder          0.000             5.438              2         (97,156)
add_400/n114                    net            0.000             5.438              2         (97,156)
   Routing elements:
      Manhattan distance of X:0, Y:1
add_400/i58|CI                  adder          0.050             5.488              2         (97,157)
add_400/i58|CO                  adder          0.000             5.488              2         (97,157)
add_400/n116                    net            0.000             5.488              2         (97,157)
   Routing elements:
      Manhattan distance of X:0, Y:1
add_400/i59|CI                  adder          0.050             5.538              2         (97,158)
add_400/i59|CO                  adder          0.000             5.538              2         (97,158)
add_400/n118                    net            0.000             5.538              2         (97,158)
   Routing elements:
      Manhattan distance of X:0, Y:1
add_400/i60|CI                  adder          0.050             5.588              2         (97,159)
add_400/i60|CO                  adder          0.000             5.588              2         (97,159)
add_400/n120                    net            0.000             5.588              2         (97,159)
   Routing elements:
      Manhattan distance of X:0, Y:1
add_400/i61|CI                  adder          0.050             5.638              2         (97,160)
add_400/i61|CO                  adder          0.000             5.638              2         (97,160)
add_400/n122                    net            0.000             5.638              2         (97,160)
   Routing elements:
      Manhattan distance of X:0, Y:1
add_400/i62|CI                  adder          0.050             5.688              2         (97,161)
add_400/i62|CO                  adder          0.000             5.688              2         (97,161)
add_400/n124                    net            0.000             5.688              2         (97,161)
   Routing elements:
      Manhattan distance of X:0, Y:1
add_400/i63|CI                  adder          0.050             5.738              2         (97,162)
add_400/i63|CO                  adder          0.000             5.738              2         (97,162)
add_400/n126                    net            0.000             5.738              2         (97,162)
   Routing elements:
      Manhattan distance of X:0, Y:1
add_400/i64|CI                  adder          0.190             5.928              2         (97,163)
add_400/i64|O                   adder          0.000             5.928              2         (97,163)
conv2_part1Reg[33]~FF_frt_61|D  ff             0.118             6.046              2         (97,163)

Capture Clock Path
              name                model name   delay (ns)  cumulative delay (ns) pins on net    location
==========================================================================================================
clk                                 inpad        0.000             0.000               0        (0,118) 
clk                                 inpad        0.200             0.200               2        (0,118) 
clk                                 net          0.320             0.520               2        (0,118) 
   Routing elements:
      Manhattan distance of X:1, Y:0
CLKBUF__0|I                         gbuf         3.590             4.110               2        (1,118) 
CLKBUF__0|O                         gbuf         0.000             4.110             776        (1,118) 
clk~O                               net          0.000             4.110             776        (1,118) 
conv2_part1Reg[33]~FF_frt_61|CLK    ff           0.000             4.110             776        (97,163)

++++ Path 2 ++++++++++++++++++++++++++++++++++++++++++++++++++++++++++++++++++++

Path Begin    : mult_716|CLK                         
Path End      : conv2_part1Reg[33]~FF_frt_61|D       
Launch Clock  : clk (RISE)                           
Capture Clock : clk (RISE)                           
Slack         : -5.166 (required time - arrival time)
Delay         : 5.367                                

Logic Level             : 35
Non-global nets on path : 35
Global nets on path     :  0

Launch Clock Path Delay        :  4.110
+ Clock To Q + Data Path Delay :  6.046
---------------------------------------
End-of-path arrival time       : 10.156

Constraint                     : 1.000
+ Capture Clock Path Delay     : 4.110
- Clock Uncertainty            : 0.120
--------------------------------------
End-of-path required time      : 4.990

Launch Clock Path
    name      model name   delay (ns)  cumulative delay (ns) pins on net    location
======================================================================================
clk           inpad          0.000             0.000               0        (0,118) 
clk           inpad          0.200             0.200               2        (0,118) 
clk           net            0.320             0.520               2        (0,118) 
   Routing elements:
      Manhattan distance of X:1, Y:0
CLKBUF__0|I   gbuf           3.590             4.110               2        (1,118) 
CLKBUF__0|O   gbuf           0.000             4.110             776        (1,118) 
clk~O         net            0.000             4.110             776        (1,118) 
mult_716|CLK  mult_18x18     0.000             4.110             776        (75,122)

Data Path
             name               model name   delay (ns)  cumulative delay (ns) pins on net    location
========================================================================================================
mult_716|O[8]                   mult_18x18     0.561             0.561              2         (75,122)
conv2_pHL_Reg[15]               net            1.903             2.464              2         (75,122)
   Routing elements:
      Manhattan distance of X:8, Y:9
add_107/i16|I0                  adder          0.223             2.687              2         (83,131)
add_107/i16|CO                  adder          0.000             2.687              2         (83,131)
add_107/n32                     net            0.000             2.687              2         (83,131)
   Routing elements:
      Manhattan distance of X:0, Y:1
add_107/i17|CI                  adder          0.190             2.877              2         (83,132)
add_107/i17|O                   adder          0.000             2.877              2         (83,132)
_zz_conv2_part1Reg_4[16]        net            0.438             3.315              2         (83,132)
   Routing elements:
      Manhattan distance of X:12, Y:0
add_723/i33|I1                  adder          0.223             3.538              2         (95,132)
add_723/i33|CO                  adder          0.000             3.538              2         (95,132)
add_723/n66                     net            0.000             3.538              2         (95,132)
   Routing elements:
      Manhattan distance of X:0, Y:1
add_723/i34|CI                  adder          0.050             3.588              2         (95,133)
add_723/i34|CO                  adder          0.000             3.588              2         (95,133)
add_723/n68                     net            0.000             3.588              2         (95,133)
   Routing elements:
      Manhattan distance of X:0, Y:1
add_723/i35|CI                  adder          0.050             3.638              2         (95,134)
add_723/i35|CO                  adder          0.000             3.638              2         (95,134)
add_723/n70                     net            0.000             3.638              2         (95,134)
   Routing elements:
      Manhattan distance of X:0, Y:1
add_723/i36|CI                  adder          0.050             3.688              2         (95,135)
add_723/i36|CO                  adder          0.000             3.688              2         (95,135)
add_723/n72                     net            0.000             3.688              2         (95,135)
   Routing elements:
      Manhattan distance of X:0, Y:1
add_723/i37|CI                  adder          0.050             3.738              2         (95,136)
add_723/i37|CO                  adder          0.000             3.738              2         (95,136)
add_723/n74                     net            0.000             3.738              2         (95,136)
   Routing elements:
      Manhattan distance of X:0, Y:1
add_723/i38|CI                  adder          0.050             3.788              2         (95,137)
add_723/i38|CO                  adder          0.000             3.788              2         (95,137)
add_723/n76                     net            0.000             3.788              2         (95,137)
   Routing elements:
      Manhattan distance of X:0, Y:1
add_723/i39|CI                  adder          0.050             3.838              2         (95,138)
add_723/i39|CO                  adder          0.000             3.838              2         (95,138)
add_723/n78                     net            0.000             3.838              2         (95,138)
   Routing elements:
      Manhattan distance of X:0, Y:1
add_723/i40|CI                  adder          0.050             3.888              2         (95,139)
add_723/i40|CO                  adder          0.000             3.888              2         (95,139)
add_723/n80                     net            0.000             3.888              2         (95,139)
   Routing elements:
      Manhattan distance of X:0, Y:1
add_723/i41|CI                  adder          0.050             3.938              2         (95,140)
add_723/i41|CO                  adder          0.000             3.938              2         (95,140)
add_723/n82                     net            0.000             3.938              2         (95,140)
   Routing elements:
      Manhattan distance of X:0, Y:1
add_723/i42|CI                  adder          0.050             3.988              2         (95,141)
add_723/i42|CO                  adder          0.000             3.988              2         (95,141)
add_723/n84                     net            0.000             3.988              2         (95,141)
   Routing elements:
      Manhattan distance of X:0, Y:1
add_723/i43|CI                  adder          0.050             4.038              2         (95,142)
add_723/i43|CO                  adder          0.000             4.038              2         (95,142)
add_723/n86                     net            0.000             4.038              2         (95,142)
   Routing elements:
      Manhattan distance of X:0, Y:1
add_723/i44|CI                  adder          0.050             4.088              2         (95,143)
add_723/i44|CO                  adder          0.000             4.088              2         (95,143)
add_723/n88                     net            0.000             4.088              2         (95,143)
   Routing elements:
      Manhattan distance of X:0, Y:1
add_723/i45|CI                  adder          0.050             4.138              2         (95,144)
add_723/i45|CO                  adder          0.000             4.138              2         (95,144)
add_723/n90                     net            0.000             4.138              2         (95,144)
   Routing elements:
      Manhattan distance of X:0, Y:1
add_723/i46|CI                  adder          0.050             4.188              2         (95,145)
add_723/i46|CO                  adder          0.000             4.188              2         (95,145)
add_723/n92                     net            0.000             4.188              2         (95,145)
   Routing elements:
      Manhattan distance of X:0, Y:1
add_723/i47|CI                  adder          0.050             4.238              2         (95,146)
add_723/i47|CO                  adder          0.000             4.238              2         (95,146)
add_723/n94                     net            0.000             4.238              2         (95,146)
   Routing elements:
      Manhattan distance of X:0, Y:1
add_723/i48|CI                  adder          0.050             4.288              2         (95,147)
add_723/i48|CO                  adder          0.000             4.288              2         (95,147)
n4361                           net            0.000             4.288              2         (95,147)
   Routing elements:
      Manhattan distance of X:0, Y:1
add_723/i48__AUX_ADD_CO|CI      adder          0.190             4.478              2         (95,148)
add_723/i48__AUX_ADD_CO|O       adder          0.000             4.478              2         (95,148)
n8429                           net            0.337             4.815              2         (95,148)
   Routing elements:
      Manhattan distance of X:2, Y:0
add_400/i49|I1                  adder          0.223             5.038              2         (97,148)
add_400/i49|CO                  adder          0.000             5.038              2         (97,148)
add_400/n98                     net            0.000             5.038              2         (97,148)
   Routing elements:
      Manhattan distance of X:0, Y:1
add_400/i50|CI                  adder          0.050             5.088              2         (97,149)
add_400/i50|CO                  adder          0.000             5.088              2         (97,149)
add_400/n100                    net            0.000             5.088              2         (97,149)
   Routing elements:
      Manhattan distance of X:0, Y:1
add_400/i51|CI                  adder          0.050             5.138              2         (97,150)
add_400/i51|CO                  adder          0.000             5.138              2         (97,150)
add_400/n102                    net            0.000             5.138              2         (97,150)
   Routing elements:
      Manhattan distance of X:0, Y:1
add_400/i52|CI                  adder          0.050             5.188              2         (97,151)
add_400/i52|CO                  adder          0.000             5.188              2         (97,151)
add_400/n104                    net            0.000             5.188              2         (97,151)
   Routing elements:
      Manhattan distance of X:0, Y:1
add_400/i53|CI                  adder          0.050             5.238              2         (97,152)
add_400/i53|CO                  adder          0.000             5.238              2         (97,152)
add_400/n106                    net            0.000             5.238              2         (97,152)
   Routing elements:
      Manhattan distance of X:0, Y:1
add_400/i54|CI                  adder          0.050             5.288              2         (97,153)
add_400/i54|CO                  adder          0.000             5.288              2         (97,153)
add_400/n108                    net            0.000             5.288              2         (97,153)
   Routing elements:
      Manhattan distance of X:0, Y:1
add_400/i55|CI                  adder          0.050             5.338              2         (97,154)
add_400/i55|CO                  adder          0.000             5.338              2         (97,154)
add_400/n110                    net            0.000             5.338              2         (97,154)
   Routing elements:
      Manhattan distance of X:0, Y:1
add_400/i56|CI                  adder          0.050             5.388              2         (97,155)
add_400/i56|CO                  adder          0.000             5.388              2         (97,155)
add_400/n112                    net            0.000             5.388              2         (97,155)
   Routing elements:
      Manhattan distance of X:0, Y:1
add_400/i57|CI                  adder          0.050             5.438              2         (97,156)
add_400/i57|CO                  adder          0.000             5.438              2         (97,156)
add_400/n114                    net            0.000             5.438              2         (97,156)
   Routing elements:
      Manhattan distance of X:0, Y:1
add_400/i58|CI                  adder          0.050             5.488              2         (97,157)
add_400/i58|CO                  adder          0.000             5.488              2         (97,157)
add_400/n116                    net            0.000             5.488              2         (97,157)
   Routing elements:
      Manhattan distance of X:0, Y:1
add_400/i59|CI                  adder          0.050             5.538              2         (97,158)
add_400/i59|CO                  adder          0.000             5.538              2         (97,158)
add_400/n118                    net            0.000             5.538              2         (97,158)
   Routing elements:
      Manhattan distance of X:0, Y:1
add_400/i60|CI                  adder          0.050             5.588              2         (97,159)
add_400/i60|CO                  adder          0.000             5.588              2         (97,159)
add_400/n120                    net            0.000             5.588              2         (97,159)
   Routing elements:
      Manhattan distance of X:0, Y:1
add_400/i61|CI                  adder          0.050             5.638              2         (97,160)
add_400/i61|CO                  adder          0.000             5.638              2         (97,160)
add_400/n122                    net            0.000             5.638              2         (97,160)
   Routing elements:
      Manhattan distance of X:0, Y:1
add_400/i62|CI                  adder          0.050             5.688              2         (97,161)
add_400/i62|CO                  adder          0.000             5.688              2         (97,161)
add_400/n124                    net            0.000             5.688              2         (97,161)
   Routing elements:
      Manhattan distance of X:0, Y:1
add_400/i63|CI                  adder          0.050             5.738              2         (97,162)
add_400/i63|CO                  adder          0.000             5.738              2         (97,162)
add_400/n126                    net            0.000             5.738              2         (97,162)
   Routing elements:
      Manhattan distance of X:0, Y:1
add_400/i64|CI                  adder          0.190             5.928              2         (97,163)
add_400/i64|O                   adder          0.000             5.928              2         (97,163)
conv2_part1Reg[33]~FF_frt_61|D  ff             0.118             6.046              2         (97,163)

Capture Clock Path
              name                model name   delay (ns)  cumulative delay (ns) pins on net    location
==========================================================================================================
clk                                 inpad        0.000             0.000               0        (0,118) 
clk                                 inpad        0.200             0.200               2        (0,118) 
clk                                 net          0.320             0.520               2        (0,118) 
   Routing elements:
      Manhattan distance of X:1, Y:0
CLKBUF__0|I                         gbuf         3.590             4.110               2        (1,118) 
CLKBUF__0|O                         gbuf         0.000             4.110             776        (1,118) 
clk~O                               net          0.000             4.110             776        (1,118) 
conv2_part1Reg[33]~FF_frt_61|CLK    ff           0.000             4.110             776        (97,163)

++++ Path 3 ++++++++++++++++++++++++++++++++++++++++++++++++++++++++++++++++++++

Path Begin    : mult_716|CLK                         
Path End      : conv2_part1Reg[33]~FF_frt_61|D       
Launch Clock  : clk (RISE)                           
Capture Clock : clk (RISE)                           
Slack         : -5.166 (required time - arrival time)
Delay         : 5.367                                

Logic Level             : 35
Non-global nets on path : 35
Global nets on path     :  0

Launch Clock Path Delay        :  4.110
+ Clock To Q + Data Path Delay :  6.046
---------------------------------------
End-of-path arrival time       : 10.156

Constraint                     : 1.000
+ Capture Clock Path Delay     : 4.110
- Clock Uncertainty            : 0.120
--------------------------------------
End-of-path required time      : 4.990

Launch Clock Path
    name      model name   delay (ns)  cumulative delay (ns) pins on net    location
======================================================================================
clk           inpad          0.000             0.000               0        (0,118) 
clk           inpad          0.200             0.200               2        (0,118) 
clk           net            0.320             0.520               2        (0,118) 
   Routing elements:
      Manhattan distance of X:1, Y:0
CLKBUF__0|I   gbuf           3.590             4.110               2        (1,118) 
CLKBUF__0|O   gbuf           0.000             4.110             776        (1,118) 
clk~O         net            0.000             4.110             776        (1,118) 
mult_716|CLK  mult_18x18     0.000             4.110             776        (75,122)

Data Path
             name               model name   delay (ns)  cumulative delay (ns) pins on net    location
========================================================================================================
mult_716|O[8]                   mult_18x18     0.561             0.561              2         (75,122)
conv2_pHL_Reg[15]               net            1.903             2.464              2         (75,122)
   Routing elements:
      Manhattan distance of X:8, Y:9
add_107/i16|I0                  adder          0.223             2.687              2         (83,131)
add_107/i16|CO                  adder          0.000             2.687              2         (83,131)
add_107/n32                     net            0.000             2.687              2         (83,131)
   Routing elements:
      Manhattan distance of X:0, Y:1
add_107/i17|CI                  adder          0.050             2.737              2         (83,132)
add_107/i17|CO                  adder          0.000             2.737              2         (83,132)
add_107/n34                     net            0.000             2.737              2         (83,132)
   Routing elements:
      Manhattan distance of X:0, Y:1
add_107/i18|CI                  adder          0.050             2.787              2         (83,133)
add_107/i18|CO                  adder          0.000             2.787              2         (83,133)
add_107/n36                     net            0.000             2.787              2         (83,133)
   Routing elements:
      Manhattan distance of X:0, Y:1
add_107/i19|CI                  adder          0.050             2.837              2         (83,134)
add_107/i19|CO                  adder          0.000             2.837              2         (83,134)
add_107/n38                     net            0.000             2.837              2         (83,134)
   Routing elements:
      Manhattan distance of X:0, Y:1
add_107/i20|CI                  adder          0.050             2.887              2         (83,135)
add_107/i20|CO                  adder          0.000             2.887              2         (83,135)
add_107/n40                     net            0.000             2.887              2         (83,135)
   Routing elements:
      Manhattan distance of X:0, Y:1
add_107/i21|CI                  adder          0.050             2.937              2         (83,136)
add_107/i21|CO                  adder          0.000             2.937              2         (83,136)
add_107/n42                     net            0.000             2.937              2         (83,136)
   Routing elements:
      Manhattan distance of X:0, Y:1
add_107/i22|CI                  adder          0.050             2.987              2         (83,137)
add_107/i22|CO                  adder          0.000             2.987              2         (83,137)
add_107/n44                     net            0.000             2.987              2         (83,137)
   Routing elements:
      Manhattan distance of X:0, Y:1
add_107/i23|CI                  adder          0.050             3.037              2         (83,138)
add_107/i23|CO                  adder          0.000             3.037              2         (83,138)
add_107/n46                     net            0.000             3.037              2         (83,138)
   Routing elements:
      Manhattan distance of X:0, Y:1
add_107/i24|CI                  adder          0.050             3.087              2         (83,139)
add_107/i24|CO                  adder          0.000             3.087              2         (83,139)
add_107/n48                     net            0.000             3.087              2         (83,139)
   Routing elements:
      Manhattan distance of X:0, Y:1
add_107/i25|CI                  adder          0.050             3.137              2         (83,140)
add_107/i25|CO                  adder          0.000             3.137              2         (83,140)
add_107/n50                     net            0.000             3.137              2         (83,140)
   Routing elements:
      Manhattan distance of X:0, Y:1
add_107/i26|CI                  adder          0.050             3.187              2         (83,141)
add_107/i26|CO                  adder          0.000             3.187              2         (83,141)
add_107/n52                     net            0.000             3.187              2         (83,141)
   Routing elements:
      Manhattan distance of X:0, Y:1
add_107/i27|CI                  adder          0.190             3.377              2         (83,142)
add_107/i27|O                   adder          0.000             3.377              2         (83,142)
_zz_conv2_part1Reg_4[26]        net            0.438             3.815              2         (83,142)
   Routing elements:
      Manhattan distance of X:12, Y:0
add_723/i43|I1                  adder          0.223             4.038              2         (95,142)
add_723/i43|CO                  adder          0.000             4.038              2         (95,142)
add_723/n86                     net            0.000             4.038              2         (95,142)
   Routing elements:
      Manhattan distance of X:0, Y:1
add_723/i44|CI                  adder          0.050             4.088              2         (95,143)
add_723/i44|CO                  adder          0.000             4.088              2         (95,143)
add_723/n88                     net            0.000             4.088              2         (95,143)
   Routing elements:
      Manhattan distance of X:0, Y:1
add_723/i45|CI                  adder          0.050             4.138              2         (95,144)
add_723/i45|CO                  adder          0.000             4.138              2         (95,144)
add_723/n90                     net            0.000             4.138              2         (95,144)
   Routing elements:
      Manhattan distance of X:0, Y:1
add_723/i46|CI                  adder          0.050             4.188              2         (95,145)
add_723/i46|CO                  adder          0.000             4.188              2         (95,145)
add_723/n92                     net            0.000             4.188              2         (95,145)
   Routing elements:
      Manhattan distance of X:0, Y:1
add_723/i47|CI                  adder          0.050             4.238              2         (95,146)
add_723/i47|CO                  adder          0.000             4.238              2         (95,146)
add_723/n94                     net            0.000             4.238              2         (95,146)
   Routing elements:
      Manhattan distance of X:0, Y:1
add_723/i48|CI                  adder          0.050             4.288              2         (95,147)
add_723/i48|CO                  adder          0.000             4.288              2         (95,147)
n4361                           net            0.000             4.288              2         (95,147)
   Routing elements:
      Manhattan distance of X:0, Y:1
add_723/i48__AUX_ADD_CO|CI      adder          0.190             4.478              2         (95,148)
add_723/i48__AUX_ADD_CO|O       adder          0.000             4.478              2         (95,148)
n8429                           net            0.337             4.815              2         (95,148)
   Routing elements:
      Manhattan distance of X:2, Y:0
add_400/i49|I1                  adder          0.223             5.038              2         (97,148)
add_400/i49|CO                  adder          0.000             5.038              2         (97,148)
add_400/n98                     net            0.000             5.038              2         (97,148)
   Routing elements:
      Manhattan distance of X:0, Y:1
add_400/i50|CI                  adder          0.050             5.088              2         (97,149)
add_400/i50|CO                  adder          0.000             5.088              2         (97,149)
add_400/n100                    net            0.000             5.088              2         (97,149)
   Routing elements:
      Manhattan distance of X:0, Y:1
add_400/i51|CI                  adder          0.050             5.138              2         (97,150)
add_400/i51|CO                  adder          0.000             5.138              2         (97,150)
add_400/n102                    net            0.000             5.138              2         (97,150)
   Routing elements:
      Manhattan distance of X:0, Y:1
add_400/i52|CI                  adder          0.050             5.188              2         (97,151)
add_400/i52|CO                  adder          0.000             5.188              2         (97,151)
add_400/n104                    net            0.000             5.188              2         (97,151)
   Routing elements:
      Manhattan distance of X:0, Y:1
add_400/i53|CI                  adder          0.050             5.238              2         (97,152)
add_400/i53|CO                  adder          0.000             5.238              2         (97,152)
add_400/n106                    net            0.000             5.238              2         (97,152)
   Routing elements:
      Manhattan distance of X:0, Y:1
add_400/i54|CI                  adder          0.050             5.288              2         (97,153)
add_400/i54|CO                  adder          0.000             5.288              2         (97,153)
add_400/n108                    net            0.000             5.288              2         (97,153)
   Routing elements:
      Manhattan distance of X:0, Y:1
add_400/i55|CI                  adder          0.050             5.338              2         (97,154)
add_400/i55|CO                  adder          0.000             5.338              2         (97,154)
add_400/n110                    net            0.000             5.338              2         (97,154)
   Routing elements:
      Manhattan distance of X:0, Y:1
add_400/i56|CI                  adder          0.050             5.388              2         (97,155)
add_400/i56|CO                  adder          0.000             5.388              2         (97,155)
add_400/n112                    net            0.000             5.388              2         (97,155)
   Routing elements:
      Manhattan distance of X:0, Y:1
add_400/i57|CI                  adder          0.050             5.438              2         (97,156)
add_400/i57|CO                  adder          0.000             5.438              2         (97,156)
add_400/n114                    net            0.000             5.438              2         (97,156)
   Routing elements:
      Manhattan distance of X:0, Y:1
add_400/i58|CI                  adder          0.050             5.488              2         (97,157)
add_400/i58|CO                  adder          0.000             5.488              2         (97,157)
add_400/n116                    net            0.000             5.488              2         (97,157)
   Routing elements:
      Manhattan distance of X:0, Y:1
add_400/i59|CI                  adder          0.050             5.538              2         (97,158)
add_400/i59|CO                  adder          0.000             5.538              2         (97,158)
add_400/n118                    net            0.000             5.538              2         (97,158)
   Routing elements:
      Manhattan distance of X:0, Y:1
add_400/i60|CI                  adder          0.050             5.588              2         (97,159)
add_400/i60|CO                  adder          0.000             5.588              2         (97,159)
add_400/n120                    net            0.000             5.588              2         (97,159)
   Routing elements:
      Manhattan distance of X:0, Y:1
add_400/i61|CI                  adder          0.050             5.638              2         (97,160)
add_400/i61|CO                  adder          0.000             5.638              2         (97,160)
add_400/n122                    net            0.000             5.638              2         (97,160)
   Routing elements:
      Manhattan distance of X:0, Y:1
add_400/i62|CI                  adder          0.050             5.688              2         (97,161)
add_400/i62|CO                  adder          0.000             5.688              2         (97,161)
add_400/n124                    net            0.000             5.688              2         (97,161)
   Routing elements:
      Manhattan distance of X:0, Y:1
add_400/i63|CI                  adder          0.050             5.738              2         (97,162)
add_400/i63|CO                  adder          0.000             5.738              2         (97,162)
add_400/n126                    net            0.000             5.738              2         (97,162)
   Routing elements:
      Manhattan distance of X:0, Y:1
add_400/i64|CI                  adder          0.190             5.928              2         (97,163)
add_400/i64|O                   adder          0.000             5.928              2         (97,163)
conv2_part1Reg[33]~FF_frt_61|D  ff             0.118             6.046              2         (97,163)

Capture Clock Path
              name                model name   delay (ns)  cumulative delay (ns) pins on net    location
==========================================================================================================
clk                                 inpad        0.000             0.000               0        (0,118) 
clk                                 inpad        0.200             0.200               2        (0,118) 
clk                                 net          0.320             0.520               2        (0,118) 
   Routing elements:
      Manhattan distance of X:1, Y:0
CLKBUF__0|I                         gbuf         3.590             4.110               2        (1,118) 
CLKBUF__0|O                         gbuf         0.000             4.110             776        (1,118) 
clk~O                               net          0.000             4.110             776        (1,118) 
conv2_part1Reg[33]~FF_frt_61|CLK    ff           0.000             4.110             776        (97,163)

++++ Path 4 ++++++++++++++++++++++++++++++++++++++++++++++++++++++++++++++++++++

Path Begin    : mult_716|CLK                         
Path End      : conv2_part1Reg[33]~FF_frt_61|D       
Launch Clock  : clk (RISE)                           
Capture Clock : clk (RISE)                           
Slack         : -5.166 (required time - arrival time)
Delay         : 5.367                                

Logic Level             : 35
Non-global nets on path : 35
Global nets on path     :  0

Launch Clock Path Delay        :  4.110
+ Clock To Q + Data Path Delay :  6.046
---------------------------------------
End-of-path arrival time       : 10.156

Constraint                     : 1.000
+ Capture Clock Path Delay     : 4.110
- Clock Uncertainty            : 0.120
--------------------------------------
End-of-path required time      : 4.990

Launch Clock Path
    name      model name   delay (ns)  cumulative delay (ns) pins on net    location
======================================================================================
clk           inpad          0.000             0.000               0        (0,118) 
clk           inpad          0.200             0.200               2        (0,118) 
clk           net            0.320             0.520               2        (0,118) 
   Routing elements:
      Manhattan distance of X:1, Y:0
CLKBUF__0|I   gbuf           3.590             4.110               2        (1,118) 
CLKBUF__0|O   gbuf           0.000             4.110             776        (1,118) 
clk~O         net            0.000             4.110             776        (1,118) 
mult_716|CLK  mult_18x18     0.000             4.110             776        (75,122)

Data Path
             name               model name   delay (ns)  cumulative delay (ns) pins on net    location
========================================================================================================
mult_716|O[8]                   mult_18x18     0.561             0.561              2         (75,122)
conv2_pHL_Reg[15]               net            1.903             2.464              2         (75,122)
   Routing elements:
      Manhattan distance of X:8, Y:9
add_107/i16|I0                  adder          0.223             2.687              2         (83,131)
add_107/i16|CO                  adder          0.000             2.687              2         (83,131)
add_107/n32                     net            0.000             2.687              2         (83,131)
   Routing elements:
      Manhattan distance of X:0, Y:1
add_107/i17|CI                  adder          0.190             2.877              2         (83,132)
add_107/i17|O                   adder          0.000             2.877              2         (83,132)
_zz_conv2_part1Reg_4[16]        net            0.438             3.315              2         (83,132)
   Routing elements:
      Manhattan distance of X:12, Y:0
add_723/i33|I1                  adder          0.223             3.538              2         (95,132)
add_723/i33|CO                  adder          0.000             3.538              2         (95,132)
add_723/n66                     net            0.000             3.538              2         (95,132)
   Routing elements:
      Manhattan distance of X:0, Y:1
add_723/i34|CI                  adder          0.050             3.588              2         (95,133)
add_723/i34|CO                  adder          0.000             3.588              2         (95,133)
add_723/n68                     net            0.000             3.588              2         (95,133)
   Routing elements:
      Manhattan distance of X:0, Y:1
add_723/i35|CI                  adder          0.050             3.638              2         (95,134)
add_723/i35|CO                  adder          0.000             3.638              2         (95,134)
add_723/n70                     net            0.000             3.638              2         (95,134)
   Routing elements:
      Manhattan distance of X:0, Y:1
add_723/i36|CI                  adder          0.050             3.688              2         (95,135)
add_723/i36|CO                  adder          0.000             3.688              2         (95,135)
add_723/n72                     net            0.000             3.688              2         (95,135)
   Routing elements:
      Manhattan distance of X:0, Y:1
add_723/i37|CI                  adder          0.050             3.738              2         (95,136)
add_723/i37|CO                  adder          0.000             3.738              2         (95,136)
add_723/n74                     net            0.000             3.738              2         (95,136)
   Routing elements:
      Manhattan distance of X:0, Y:1
add_723/i38|CI                  adder          0.050             3.788              2         (95,137)
add_723/i38|CO                  adder          0.000             3.788              2         (95,137)
add_723/n76                     net            0.000             3.788              2         (95,137)
   Routing elements:
      Manhattan distance of X:0, Y:1
add_723/i39|CI                  adder          0.050             3.838              2         (95,138)
add_723/i39|CO                  adder          0.000             3.838              2         (95,138)
add_723/n78                     net            0.000             3.838              2         (95,138)
   Routing elements:
      Manhattan distance of X:0, Y:1
add_723/i40|CI                  adder          0.050             3.888              2         (95,139)
add_723/i40|CO                  adder          0.000             3.888              2         (95,139)
add_723/n80                     net            0.000             3.888              2         (95,139)
   Routing elements:
      Manhattan distance of X:0, Y:1
add_723/i41|CI                  adder          0.050             3.938              2         (95,140)
add_723/i41|CO                  adder          0.000             3.938              2         (95,140)
add_723/n82                     net            0.000             3.938              2         (95,140)
   Routing elements:
      Manhattan distance of X:0, Y:1
add_723/i42|CI                  adder          0.190             4.128              2         (95,141)
add_723/i42|O                   adder          0.000             4.128              2         (95,141)
n8436                           net            0.337             4.465              2         (95,141)
   Routing elements:
      Manhattan distance of X:2, Y:0
add_400/i42|I1                  adder          0.223             4.688              2         (97,141)
add_400/i42|CO                  adder          0.000             4.688              2         (97,141)
add_400/n84                     net            0.000             4.688              2         (97,141)
   Routing elements:
      Manhattan distance of X:0, Y:1
add_400/i43|CI                  adder          0.050             4.738              2         (97,142)
add_400/i43|CO                  adder          0.000             4.738              2         (97,142)
add_400/n86                     net            0.000             4.738              2         (97,142)
   Routing elements:
      Manhattan distance of X:0, Y:1
add_400/i44|CI                  adder          0.050             4.788              2         (97,143)
add_400/i44|CO                  adder          0.000             4.788              2         (97,143)
add_400/n88                     net            0.000             4.788              2         (97,143)
   Routing elements:
      Manhattan distance of X:0, Y:1
add_400/i45|CI                  adder          0.050             4.838              2         (97,144)
add_400/i45|CO                  adder          0.000             4.838              2         (97,144)
add_400/n90                     net            0.000             4.838              2         (97,144)
   Routing elements:
      Manhattan distance of X:0, Y:1
add_400/i46|CI                  adder          0.050             4.888              2         (97,145)
add_400/i46|CO                  adder          0.000             4.888              2         (97,145)
add_400/n92                     net            0.000             4.888              2         (97,145)
   Routing elements:
      Manhattan distance of X:0, Y:1
add_400/i47|CI                  adder          0.050             4.938              2         (97,146)
add_400/i47|CO                  adder          0.000             4.938              2         (97,146)
add_400/n94                     net            0.000             4.938              2         (97,146)
   Routing elements:
      Manhattan distance of X:0, Y:1
add_400/i48|CI                  adder          0.050             4.988              2         (97,147)
add_400/i48|CO                  adder          0.000             4.988              2         (97,147)
add_400/n96                     net            0.000             4.988              2         (97,147)
   Routing elements:
      Manhattan distance of X:0, Y:1
add_400/i49|CI                  adder          0.050             5.038              2         (97,148)
add_400/i49|CO                  adder          0.000             5.038              2         (97,148)
add_400/n98                     net            0.000             5.038              2         (97,148)
   Routing elements:
      Manhattan distance of X:0, Y:1
add_400/i50|CI                  adder          0.050             5.088              2         (97,149)
add_400/i50|CO                  adder          0.000             5.088              2         (97,149)
add_400/n100                    net            0.000             5.088              2         (97,149)
   Routing elements:
      Manhattan distance of X:0, Y:1
add_400/i51|CI                  adder          0.050             5.138              2         (97,150)
add_400/i51|CO                  adder          0.000             5.138              2         (97,150)
add_400/n102                    net            0.000             5.138              2         (97,150)
   Routing elements:
      Manhattan distance of X:0, Y:1
add_400/i52|CI                  adder          0.050             5.188              2         (97,151)
add_400/i52|CO                  adder          0.000             5.188              2         (97,151)
add_400/n104                    net            0.000             5.188              2         (97,151)
   Routing elements:
      Manhattan distance of X:0, Y:1
add_400/i53|CI                  adder          0.050             5.238              2         (97,152)
add_400/i53|CO                  adder          0.000             5.238              2         (97,152)
add_400/n106                    net            0.000             5.238              2         (97,152)
   Routing elements:
      Manhattan distance of X:0, Y:1
add_400/i54|CI                  adder          0.050             5.288              2         (97,153)
add_400/i54|CO                  adder          0.000             5.288              2         (97,153)
add_400/n108                    net            0.000             5.288              2         (97,153)
   Routing elements:
      Manhattan distance of X:0, Y:1
add_400/i55|CI                  adder          0.050             5.338              2         (97,154)
add_400/i55|CO                  adder          0.000             5.338              2         (97,154)
add_400/n110                    net            0.000             5.338              2         (97,154)
   Routing elements:
      Manhattan distance of X:0, Y:1
add_400/i56|CI                  adder          0.050             5.388              2         (97,155)
add_400/i56|CO                  adder          0.000             5.388              2         (97,155)
add_400/n112                    net            0.000             5.388              2         (97,155)
   Routing elements:
      Manhattan distance of X:0, Y:1
add_400/i57|CI                  adder          0.050             5.438              2         (97,156)
add_400/i57|CO                  adder          0.000             5.438              2         (97,156)
add_400/n114                    net            0.000             5.438              2         (97,156)
   Routing elements:
      Manhattan distance of X:0, Y:1
add_400/i58|CI                  adder          0.050             5.488              2         (97,157)
add_400/i58|CO                  adder          0.000             5.488              2         (97,157)
add_400/n116                    net            0.000             5.488              2         (97,157)
   Routing elements:
      Manhattan distance of X:0, Y:1
add_400/i59|CI                  adder          0.050             5.538              2         (97,158)
add_400/i59|CO                  adder          0.000             5.538              2         (97,158)
add_400/n118                    net            0.000             5.538              2         (97,158)
   Routing elements:
      Manhattan distance of X:0, Y:1
add_400/i60|CI                  adder          0.050             5.588              2         (97,159)
add_400/i60|CO                  adder          0.000             5.588              2         (97,159)
add_400/n120                    net            0.000             5.588              2         (97,159)
   Routing elements:
      Manhattan distance of X:0, Y:1
add_400/i61|CI                  adder          0.050             5.638              2         (97,160)
add_400/i61|CO                  adder          0.000             5.638              2         (97,160)
add_400/n122                    net            0.000             5.638              2         (97,160)
   Routing elements:
      Manhattan distance of X:0, Y:1
add_400/i62|CI                  adder          0.050             5.688              2         (97,161)
add_400/i62|CO                  adder          0.000             5.688              2         (97,161)
add_400/n124                    net            0.000             5.688              2         (97,161)
   Routing elements:
      Manhattan distance of X:0, Y:1
add_400/i63|CI                  adder          0.050             5.738              2         (97,162)
add_400/i63|CO                  adder          0.000             5.738              2         (97,162)
add_400/n126                    net            0.000             5.738              2         (97,162)
   Routing elements:
      Manhattan distance of X:0, Y:1
add_400/i64|CI                  adder          0.190             5.928              2         (97,163)
add_400/i64|O                   adder          0.000             5.928              2         (97,163)
conv2_part1Reg[33]~FF_frt_61|D  ff             0.118             6.046              2         (97,163)

Capture Clock Path
              name                model name   delay (ns)  cumulative delay (ns) pins on net    location
==========================================================================================================
clk                                 inpad        0.000             0.000               0        (0,118) 
clk                                 inpad        0.200             0.200               2        (0,118) 
clk                                 net          0.320             0.520               2        (0,118) 
   Routing elements:
      Manhattan distance of X:1, Y:0
CLKBUF__0|I                         gbuf         3.590             4.110               2        (1,118) 
CLKBUF__0|O                         gbuf         0.000             4.110             776        (1,118) 
clk~O                               net          0.000             4.110             776        (1,118) 
conv2_part1Reg[33]~FF_frt_61|CLK    ff           0.000             4.110             776        (97,163)

++++ Path 5 ++++++++++++++++++++++++++++++++++++++++++++++++++++++++++++++++++++

Path Begin    : mult_716|CLK                         
Path End      : conv2_part1Reg[33]~FF_frt_61|D       
Launch Clock  : clk (RISE)                           
Capture Clock : clk (RISE)                           
Slack         : -5.166 (required time - arrival time)
Delay         : 5.367                                

Logic Level             : 35
Non-global nets on path : 35
Global nets on path     :  0

Launch Clock Path Delay        :  4.110
+ Clock To Q + Data Path Delay :  6.046
---------------------------------------
End-of-path arrival time       : 10.156

Constraint                     : 1.000
+ Capture Clock Path Delay     : 4.110
- Clock Uncertainty            : 0.120
--------------------------------------
End-of-path required time      : 4.990

Launch Clock Path
    name      model name   delay (ns)  cumulative delay (ns) pins on net    location
======================================================================================
clk           inpad          0.000             0.000               0        (0,118) 
clk           inpad          0.200             0.200               2        (0,118) 
clk           net            0.320             0.520               2        (0,118) 
   Routing elements:
      Manhattan distance of X:1, Y:0
CLKBUF__0|I   gbuf           3.590             4.110               2        (1,118) 
CLKBUF__0|O   gbuf           0.000             4.110             776        (1,118) 
clk~O         net            0.000             4.110             776        (1,118) 
mult_716|CLK  mult_18x18     0.000             4.110             776        (75,122)

Data Path
             name               model name   delay (ns)  cumulative delay (ns) pins on net    location
========================================================================================================
mult_716|O[8]                   mult_18x18     0.561             0.561              2         (75,122)
conv2_pHL_Reg[15]               net            1.903             2.464              2         (75,122)
   Routing elements:
      Manhattan distance of X:8, Y:9
add_107/i16|I0                  adder          0.223             2.687              2         (83,131)
add_107/i16|CO                  adder          0.000             2.687              2         (83,131)
add_107/n32                     net            0.000             2.687              2         (83,131)
   Routing elements:
      Manhattan distance of X:0, Y:1
add_107/i17|CI                  adder          0.190             2.877              2         (83,132)
add_107/i17|O                   adder          0.000             2.877              2         (83,132)
_zz_conv2_part1Reg_4[16]        net            0.438             3.315              2         (83,132)
   Routing elements:
      Manhattan distance of X:12, Y:0
add_723/i33|I1                  adder          0.223             3.538              2         (95,132)
add_723/i33|CO                  adder          0.000             3.538              2         (95,132)
add_723/n66                     net            0.000             3.538              2         (95,132)
   Routing elements:
      Manhattan distance of X:0, Y:1
add_723/i34|CI                  adder          0.050             3.588              2         (95,133)
add_723/i34|CO                  adder          0.000             3.588              2         (95,133)
add_723/n68                     net            0.000             3.588              2         (95,133)
   Routing elements:
      Manhattan distance of X:0, Y:1
add_723/i35|CI                  adder          0.050             3.638              2         (95,134)
add_723/i35|CO                  adder          0.000             3.638              2         (95,134)
add_723/n70                     net            0.000             3.638              2         (95,134)
   Routing elements:
      Manhattan distance of X:0, Y:1
add_723/i36|CI                  adder          0.190             3.828              2         (95,135)
add_723/i36|O                   adder          0.000             3.828              2         (95,135)
n8442                           net            0.337             4.165              2         (95,135)
   Routing elements:
      Manhattan distance of X:2, Y:0
add_400/i36|I1                  adder          0.223             4.388              2         (97,135)
add_400/i36|CO                  adder          0.000             4.388              2         (97,135)
add_400/n72                     net            0.000             4.388              2         (97,135)
   Routing elements:
      Manhattan distance of X:0, Y:1
add_400/i37|CI                  adder          0.050             4.438              2         (97,136)
add_400/i37|CO                  adder          0.000             4.438              2         (97,136)
add_400/n74                     net            0.000             4.438              2         (97,136)
   Routing elements:
      Manhattan distance of X:0, Y:1
add_400/i38|CI                  adder          0.050             4.488              2         (97,137)
add_400/i38|CO                  adder          0.000             4.488              2         (97,137)
add_400/n76                     net            0.000             4.488              2         (97,137)
   Routing elements:
      Manhattan distance of X:0, Y:1
add_400/i39|CI                  adder          0.050             4.538              2         (97,138)
add_400/i39|CO                  adder          0.000             4.538              2         (97,138)
add_400/n78                     net            0.000             4.538              2         (97,138)
   Routing elements:
      Manhattan distance of X:0, Y:1
add_400/i40|CI                  adder          0.050             4.588              2         (97,139)
add_400/i40|CO                  adder          0.000             4.588              2         (97,139)
add_400/n80                     net            0.000             4.588              2         (97,139)
   Routing elements:
      Manhattan distance of X:0, Y:1
add_400/i41|CI                  adder          0.050             4.638              2         (97,140)
add_400/i41|CO                  adder          0.000             4.638              2         (97,140)
add_400/n82                     net            0.000             4.638              2         (97,140)
   Routing elements:
      Manhattan distance of X:0, Y:1
add_400/i42|CI                  adder          0.050             4.688              2         (97,141)
add_400/i42|CO                  adder          0.000             4.688              2         (97,141)
add_400/n84                     net            0.000             4.688              2         (97,141)
   Routing elements:
      Manhattan distance of X:0, Y:1
add_400/i43|CI                  adder          0.050             4.738              2         (97,142)
add_400/i43|CO                  adder          0.000             4.738              2         (97,142)
add_400/n86                     net            0.000             4.738              2         (97,142)
   Routing elements:
      Manhattan distance of X:0, Y:1
add_400/i44|CI                  adder          0.050             4.788              2         (97,143)
add_400/i44|CO                  adder          0.000             4.788              2         (97,143)
add_400/n88                     net            0.000             4.788              2         (97,143)
   Routing elements:
      Manhattan distance of X:0, Y:1
add_400/i45|CI                  adder          0.050             4.838              2         (97,144)
add_400/i45|CO                  adder          0.000             4.838              2         (97,144)
add_400/n90                     net            0.000             4.838              2         (97,144)
   Routing elements:
      Manhattan distance of X:0, Y:1
add_400/i46|CI                  adder          0.050             4.888              2         (97,145)
add_400/i46|CO                  adder          0.000             4.888              2         (97,145)
add_400/n92                     net            0.000             4.888              2         (97,145)
   Routing elements:
      Manhattan distance of X:0, Y:1
add_400/i47|CI                  adder          0.050             4.938              2         (97,146)
add_400/i47|CO                  adder          0.000             4.938              2         (97,146)
add_400/n94                     net            0.000             4.938              2         (97,146)
   Routing elements:
      Manhattan distance of X:0, Y:1
add_400/i48|CI                  adder          0.050             4.988              2         (97,147)
add_400/i48|CO                  adder          0.000             4.988              2         (97,147)
add_400/n96                     net            0.000             4.988              2         (97,147)
   Routing elements:
      Manhattan distance of X:0, Y:1
add_400/i49|CI                  adder          0.050             5.038              2         (97,148)
add_400/i49|CO                  adder          0.000             5.038              2         (97,148)
add_400/n98                     net            0.000             5.038              2         (97,148)
   Routing elements:
      Manhattan distance of X:0, Y:1
add_400/i50|CI                  adder          0.050             5.088              2         (97,149)
add_400/i50|CO                  adder          0.000             5.088              2         (97,149)
add_400/n100                    net            0.000             5.088              2         (97,149)
   Routing elements:
      Manhattan distance of X:0, Y:1
add_400/i51|CI                  adder          0.050             5.138              2         (97,150)
add_400/i51|CO                  adder          0.000             5.138              2         (97,150)
add_400/n102                    net            0.000             5.138              2         (97,150)
   Routing elements:
      Manhattan distance of X:0, Y:1
add_400/i52|CI                  adder          0.050             5.188              2         (97,151)
add_400/i52|CO                  adder          0.000             5.188              2         (97,151)
add_400/n104                    net            0.000             5.188              2         (97,151)
   Routing elements:
      Manhattan distance of X:0, Y:1
add_400/i53|CI                  adder          0.050             5.238              2         (97,152)
add_400/i53|CO                  adder          0.000             5.238              2         (97,152)
add_400/n106                    net            0.000             5.238              2         (97,152)
   Routing elements:
      Manhattan distance of X:0, Y:1
add_400/i54|CI                  adder          0.050             5.288              2         (97,153)
add_400/i54|CO                  adder          0.000             5.288              2         (97,153)
add_400/n108                    net            0.000             5.288              2         (97,153)
   Routing elements:
      Manhattan distance of X:0, Y:1
add_400/i55|CI                  adder          0.050             5.338              2         (97,154)
add_400/i55|CO                  adder          0.000             5.338              2         (97,154)
add_400/n110                    net            0.000             5.338              2         (97,154)
   Routing elements:
      Manhattan distance of X:0, Y:1
add_400/i56|CI                  adder          0.050             5.388              2         (97,155)
add_400/i56|CO                  adder          0.000             5.388              2         (97,155)
add_400/n112                    net            0.000             5.388              2         (97,155)
   Routing elements:
      Manhattan distance of X:0, Y:1
add_400/i57|CI                  adder          0.050             5.438              2         (97,156)
add_400/i57|CO                  adder          0.000             5.438              2         (97,156)
add_400/n114                    net            0.000             5.438              2         (97,156)
   Routing elements:
      Manhattan distance of X:0, Y:1
add_400/i58|CI                  adder          0.050             5.488              2         (97,157)
add_400/i58|CO                  adder          0.000             5.488              2         (97,157)
add_400/n116                    net            0.000             5.488              2         (97,157)
   Routing elements:
      Manhattan distance of X:0, Y:1
add_400/i59|CI                  adder          0.050             5.538              2         (97,158)
add_400/i59|CO                  adder          0.000             5.538              2         (97,158)
add_400/n118                    net            0.000             5.538              2         (97,158)
   Routing elements:
      Manhattan distance of X:0, Y:1
add_400/i60|CI                  adder          0.050             5.588              2         (97,159)
add_400/i60|CO                  adder          0.000             5.588              2         (97,159)
add_400/n120                    net            0.000             5.588              2         (97,159)
   Routing elements:
      Manhattan distance of X:0, Y:1
add_400/i61|CI                  adder          0.050             5.638              2         (97,160)
add_400/i61|CO                  adder          0.000             5.638              2         (97,160)
add_400/n122                    net            0.000             5.638              2         (97,160)
   Routing elements:
      Manhattan distance of X:0, Y:1
add_400/i62|CI                  adder          0.050             5.688              2         (97,161)
add_400/i62|CO                  adder          0.000             5.688              2         (97,161)
add_400/n124                    net            0.000             5.688              2         (97,161)
   Routing elements:
      Manhattan distance of X:0, Y:1
add_400/i63|CI                  adder          0.050             5.738              2         (97,162)
add_400/i63|CO                  adder          0.000             5.738              2         (97,162)
add_400/n126                    net            0.000             5.738              2         (97,162)
   Routing elements:
      Manhattan distance of X:0, Y:1
add_400/i64|CI                  adder          0.190             5.928              2         (97,163)
add_400/i64|O                   adder          0.000             5.928              2         (97,163)
conv2_part1Reg[33]~FF_frt_61|D  ff             0.118             6.046              2         (97,163)

Capture Clock Path
              name                model name   delay (ns)  cumulative delay (ns) pins on net    location
==========================================================================================================
clk                                 inpad        0.000             0.000               0        (0,118) 
clk                                 inpad        0.200             0.200               2        (0,118) 
clk                                 net          0.320             0.520               2        (0,118) 
   Routing elements:
      Manhattan distance of X:1, Y:0
CLKBUF__0|I                         gbuf         3.590             4.110               2        (1,118) 
CLKBUF__0|O                         gbuf         0.000             4.110             776        (1,118) 
clk~O                               net          0.000             4.110             776        (1,118) 
conv2_part1Reg[33]~FF_frt_61|CLK    ff           0.000             4.110             776        (97,163)

++++ Path 6 ++++++++++++++++++++++++++++++++++++++++++++++++++++++++++++++++++++

Path Begin    : mult_716|CLK                         
Path End      : conv2_part1Reg[33]~FF_frt_61|D       
Launch Clock  : clk (RISE)                           
Capture Clock : clk (RISE)                           
Slack         : -5.166 (required time - arrival time)
Delay         : 5.367                                

Logic Level             : 35
Non-global nets on path : 35
Global nets on path     :  0

Launch Clock Path Delay        :  4.110
+ Clock To Q + Data Path Delay :  6.046
---------------------------------------
End-of-path arrival time       : 10.156

Constraint                     : 1.000
+ Capture Clock Path Delay     : 4.110
- Clock Uncertainty            : 0.120
--------------------------------------
End-of-path required time      : 4.990

Launch Clock Path
    name      model name   delay (ns)  cumulative delay (ns) pins on net    location
======================================================================================
clk           inpad          0.000             0.000               0        (0,118) 
clk           inpad          0.200             0.200               2        (0,118) 
clk           net            0.320             0.520               2        (0,118) 
   Routing elements:
      Manhattan distance of X:1, Y:0
CLKBUF__0|I   gbuf           3.590             4.110               2        (1,118) 
CLKBUF__0|O   gbuf           0.000             4.110             776        (1,118) 
clk~O         net            0.000             4.110             776        (1,118) 
mult_716|CLK  mult_18x18     0.000             4.110             776        (75,122)

Data Path
             name               model name   delay (ns)  cumulative delay (ns) pins on net    location
========================================================================================================
mult_716|O[8]                   mult_18x18     0.561             0.561              2         (75,122)
conv2_pHL_Reg[15]               net            1.903             2.464              2         (75,122)
   Routing elements:
      Manhattan distance of X:8, Y:9
add_107/i16|I0                  adder          0.223             2.687              2         (83,131)
add_107/i16|CO                  adder          0.000             2.687              2         (83,131)
add_107/n32                     net            0.000             2.687              2         (83,131)
   Routing elements:
      Manhattan distance of X:0, Y:1
add_107/i17|CI                  adder          0.190             2.877              2         (83,132)
add_107/i17|O                   adder          0.000             2.877              2         (83,132)
_zz_conv2_part1Reg_4[16]        net            0.438             3.315              2         (83,132)
   Routing elements:
      Manhattan distance of X:12, Y:0
add_723/i33|I1                  adder          0.223             3.538              2         (95,132)
add_723/i33|CO                  adder          0.000             3.538              2         (95,132)
add_723/n66                     net            0.000             3.538              2         (95,132)
   Routing elements:
      Manhattan distance of X:0, Y:1
add_723/i34|CI                  adder          0.050             3.588              2         (95,133)
add_723/i34|CO                  adder          0.000             3.588              2         (95,133)
add_723/n68                     net            0.000             3.588              2         (95,133)
   Routing elements:
      Manhattan distance of X:0, Y:1
add_723/i35|CI                  adder          0.050             3.638              2         (95,134)
add_723/i35|CO                  adder          0.000             3.638              2         (95,134)
add_723/n70                     net            0.000             3.638              2         (95,134)
   Routing elements:
      Manhattan distance of X:0, Y:1
add_723/i36|CI                  adder          0.050             3.688              2         (95,135)
add_723/i36|CO                  adder          0.000             3.688              2         (95,135)
add_723/n72                     net            0.000             3.688              2         (95,135)
   Routing elements:
      Manhattan distance of X:0, Y:1
add_723/i37|CI                  adder          0.050             3.738              2         (95,136)
add_723/i37|CO                  adder          0.000             3.738              2         (95,136)
add_723/n74                     net            0.000             3.738              2         (95,136)
   Routing elements:
      Manhattan distance of X:0, Y:1
add_723/i38|CI                  adder          0.050             3.788              2         (95,137)
add_723/i38|CO                  adder          0.000             3.788              2         (95,137)
add_723/n76                     net            0.000             3.788              2         (95,137)
   Routing elements:
      Manhattan distance of X:0, Y:1
add_723/i39|CI                  adder          0.050             3.838              2         (95,138)
add_723/i39|CO                  adder          0.000             3.838              2         (95,138)
add_723/n78                     net            0.000             3.838              2         (95,138)
   Routing elements:
      Manhattan distance of X:0, Y:1
add_723/i40|CI                  adder          0.050             3.888              2         (95,139)
add_723/i40|CO                  adder          0.000             3.888              2         (95,139)
add_723/n80                     net            0.000             3.888              2         (95,139)
   Routing elements:
      Manhattan distance of X:0, Y:1
add_723/i41|CI                  adder          0.050             3.938              2         (95,140)
add_723/i41|CO                  adder          0.000             3.938              2         (95,140)
add_723/n82                     net            0.000             3.938              2         (95,140)
   Routing elements:
      Manhattan distance of X:0, Y:1
add_723/i42|CI                  adder          0.050             3.988              2         (95,141)
add_723/i42|CO                  adder          0.000             3.988              2         (95,141)
add_723/n84                     net            0.000             3.988              2         (95,141)
   Routing elements:
      Manhattan distance of X:0, Y:1
add_723/i43|CI                  adder          0.190             4.178              2         (95,142)
add_723/i43|O                   adder          0.000             4.178              2         (95,142)
n8435                           net            0.337             4.515              2         (95,142)
   Routing elements:
      Manhattan distance of X:2, Y:0
add_400/i43|I1                  adder          0.223             4.738              2         (97,142)
add_400/i43|CO                  adder          0.000             4.738              2         (97,142)
add_400/n86                     net            0.000             4.738              2         (97,142)
   Routing elements:
      Manhattan distance of X:0, Y:1
add_400/i44|CI                  adder          0.050             4.788              2         (97,143)
add_400/i44|CO                  adder          0.000             4.788              2         (97,143)
add_400/n88                     net            0.000             4.788              2         (97,143)
   Routing elements:
      Manhattan distance of X:0, Y:1
add_400/i45|CI                  adder          0.050             4.838              2         (97,144)
add_400/i45|CO                  adder          0.000             4.838              2         (97,144)
add_400/n90                     net            0.000             4.838              2         (97,144)
   Routing elements:
      Manhattan distance of X:0, Y:1
add_400/i46|CI                  adder          0.050             4.888              2         (97,145)
add_400/i46|CO                  adder          0.000             4.888              2         (97,145)
add_400/n92                     net            0.000             4.888              2         (97,145)
   Routing elements:
      Manhattan distance of X:0, Y:1
add_400/i47|CI                  adder          0.050             4.938              2         (97,146)
add_400/i47|CO                  adder          0.000             4.938              2         (97,146)
add_400/n94                     net            0.000             4.938              2         (97,146)
   Routing elements:
      Manhattan distance of X:0, Y:1
add_400/i48|CI                  adder          0.050             4.988              2         (97,147)
add_400/i48|CO                  adder          0.000             4.988              2         (97,147)
add_400/n96                     net            0.000             4.988              2         (97,147)
   Routing elements:
      Manhattan distance of X:0, Y:1
add_400/i49|CI                  adder          0.050             5.038              2         (97,148)
add_400/i49|CO                  adder          0.000             5.038              2         (97,148)
add_400/n98                     net            0.000             5.038              2         (97,148)
   Routing elements:
      Manhattan distance of X:0, Y:1
add_400/i50|CI                  adder          0.050             5.088              2         (97,149)
add_400/i50|CO                  adder          0.000             5.088              2         (97,149)
add_400/n100                    net            0.000             5.088              2         (97,149)
   Routing elements:
      Manhattan distance of X:0, Y:1
add_400/i51|CI                  adder          0.050             5.138              2         (97,150)
add_400/i51|CO                  adder          0.000             5.138              2         (97,150)
add_400/n102                    net            0.000             5.138              2         (97,150)
   Routing elements:
      Manhattan distance of X:0, Y:1
add_400/i52|CI                  adder          0.050             5.188              2         (97,151)
add_400/i52|CO                  adder          0.000             5.188              2         (97,151)
add_400/n104                    net            0.000             5.188              2         (97,151)
   Routing elements:
      Manhattan distance of X:0, Y:1
add_400/i53|CI                  adder          0.050             5.238              2         (97,152)
add_400/i53|CO                  adder          0.000             5.238              2         (97,152)
add_400/n106                    net            0.000             5.238              2         (97,152)
   Routing elements:
      Manhattan distance of X:0, Y:1
add_400/i54|CI                  adder          0.050             5.288              2         (97,153)
add_400/i54|CO                  adder          0.000             5.288              2         (97,153)
add_400/n108                    net            0.000             5.288              2         (97,153)
   Routing elements:
      Manhattan distance of X:0, Y:1
add_400/i55|CI                  adder          0.050             5.338              2         (97,154)
add_400/i55|CO                  adder          0.000             5.338              2         (97,154)
add_400/n110                    net            0.000             5.338              2         (97,154)
   Routing elements:
      Manhattan distance of X:0, Y:1
add_400/i56|CI                  adder          0.050             5.388              2         (97,155)
add_400/i56|CO                  adder          0.000             5.388              2         (97,155)
add_400/n112                    net            0.000             5.388              2         (97,155)
   Routing elements:
      Manhattan distance of X:0, Y:1
add_400/i57|CI                  adder          0.050             5.438              2         (97,156)
add_400/i57|CO                  adder          0.000             5.438              2         (97,156)
add_400/n114                    net            0.000             5.438              2         (97,156)
   Routing elements:
      Manhattan distance of X:0, Y:1
add_400/i58|CI                  adder          0.050             5.488              2         (97,157)
add_400/i58|CO                  adder          0.000             5.488              2         (97,157)
add_400/n116                    net            0.000             5.488              2         (97,157)
   Routing elements:
      Manhattan distance of X:0, Y:1
add_400/i59|CI                  adder          0.050             5.538              2         (97,158)
add_400/i59|CO                  adder          0.000             5.538              2         (97,158)
add_400/n118                    net            0.000             5.538              2         (97,158)
   Routing elements:
      Manhattan distance of X:0, Y:1
add_400/i60|CI                  adder          0.050             5.588              2         (97,159)
add_400/i60|CO                  adder          0.000             5.588              2         (97,159)
add_400/n120                    net            0.000             5.588              2         (97,159)
   Routing elements:
      Manhattan distance of X:0, Y:1
add_400/i61|CI                  adder          0.050             5.638              2         (97,160)
add_400/i61|CO                  adder          0.000             5.638              2         (97,160)
add_400/n122                    net            0.000             5.638              2         (97,160)
   Routing elements:
      Manhattan distance of X:0, Y:1
add_400/i62|CI                  adder          0.050             5.688              2         (97,161)
add_400/i62|CO                  adder          0.000             5.688              2         (97,161)
add_400/n124                    net            0.000             5.688              2         (97,161)
   Routing elements:
      Manhattan distance of X:0, Y:1
add_400/i63|CI                  adder          0.050             5.738              2         (97,162)
add_400/i63|CO                  adder          0.000             5.738              2         (97,162)
add_400/n126                    net            0.000             5.738              2         (97,162)
   Routing elements:
      Manhattan distance of X:0, Y:1
add_400/i64|CI                  adder          0.190             5.928              2         (97,163)
add_400/i64|O                   adder          0.000             5.928              2         (97,163)
conv2_part1Reg[33]~FF_frt_61|D  ff             0.118             6.046              2         (97,163)

Capture Clock Path
              name                model name   delay (ns)  cumulative delay (ns) pins on net    location
==========================================================================================================
clk                                 inpad        0.000             0.000               0        (0,118) 
clk                                 inpad        0.200             0.200               2        (0,118) 
clk                                 net          0.320             0.520               2        (0,118) 
   Routing elements:
      Manhattan distance of X:1, Y:0
CLKBUF__0|I                         gbuf         3.590             4.110               2        (1,118) 
CLKBUF__0|O                         gbuf         0.000             4.110             776        (1,118) 
clk~O                               net          0.000             4.110             776        (1,118) 
conv2_part1Reg[33]~FF_frt_61|CLK    ff           0.000             4.110             776        (97,163)

++++ Path 7 ++++++++++++++++++++++++++++++++++++++++++++++++++++++++++++++++++++

Path Begin    : mult_716|CLK                         
Path End      : conv2_part1Reg[33]~FF_frt_61|D       
Launch Clock  : clk (RISE)                           
Capture Clock : clk (RISE)                           
Slack         : -5.166 (required time - arrival time)
Delay         : 5.367                                

Logic Level             : 35
Non-global nets on path : 35
Global nets on path     :  0

Launch Clock Path Delay        :  4.110
+ Clock To Q + Data Path Delay :  6.046
---------------------------------------
End-of-path arrival time       : 10.156

Constraint                     : 1.000
+ Capture Clock Path Delay     : 4.110
- Clock Uncertainty            : 0.120
--------------------------------------
End-of-path required time      : 4.990

Launch Clock Path
    name      model name   delay (ns)  cumulative delay (ns) pins on net    location
======================================================================================
clk           inpad          0.000             0.000               0        (0,118) 
clk           inpad          0.200             0.200               2        (0,118) 
clk           net            0.320             0.520               2        (0,118) 
   Routing elements:
      Manhattan distance of X:1, Y:0
CLKBUF__0|I   gbuf           3.590             4.110               2        (1,118) 
CLKBUF__0|O   gbuf           0.000             4.110             776        (1,118) 
clk~O         net            0.000             4.110             776        (1,118) 
mult_716|CLK  mult_18x18     0.000             4.110             776        (75,122)

Data Path
             name               model name   delay (ns)  cumulative delay (ns) pins on net    location
========================================================================================================
mult_716|O[8]                   mult_18x18     0.561             0.561              2         (75,122)
conv2_pHL_Reg[15]               net            1.903             2.464              2         (75,122)
   Routing elements:
      Manhattan distance of X:8, Y:9
add_107/i16|I0                  adder          0.223             2.687              2         (83,131)
add_107/i16|CO                  adder          0.000             2.687              2         (83,131)
add_107/n32                     net            0.000             2.687              2         (83,131)
   Routing elements:
      Manhattan distance of X:0, Y:1
add_107/i17|CI                  adder          0.190             2.877              2         (83,132)
add_107/i17|O                   adder          0.000             2.877              2         (83,132)
_zz_conv2_part1Reg_4[16]        net            0.438             3.315              2         (83,132)
   Routing elements:
      Manhattan distance of X:12, Y:0
add_723/i33|I1                  adder          0.223             3.538              2         (95,132)
add_723/i33|CO                  adder          0.000             3.538              2         (95,132)
add_723/n66                     net            0.000             3.538              2         (95,132)
   Routing elements:
      Manhattan distance of X:0, Y:1
add_723/i34|CI                  adder          0.050             3.588              2         (95,133)
add_723/i34|CO                  adder          0.000             3.588              2         (95,133)
add_723/n68                     net            0.000             3.588              2         (95,133)
   Routing elements:
      Manhattan distance of X:0, Y:1
add_723/i35|CI                  adder          0.050             3.638              2         (95,134)
add_723/i35|CO                  adder          0.000             3.638              2         (95,134)
add_723/n70                     net            0.000             3.638              2         (95,134)
   Routing elements:
      Manhattan distance of X:0, Y:1
add_723/i36|CI                  adder          0.050             3.688              2         (95,135)
add_723/i36|CO                  adder          0.000             3.688              2         (95,135)
add_723/n72                     net            0.000             3.688              2         (95,135)
   Routing elements:
      Manhattan distance of X:0, Y:1
add_723/i37|CI                  adder          0.050             3.738              2         (95,136)
add_723/i37|CO                  adder          0.000             3.738              2         (95,136)
add_723/n74                     net            0.000             3.738              2         (95,136)
   Routing elements:
      Manhattan distance of X:0, Y:1
add_723/i38|CI                  adder          0.050             3.788              2         (95,137)
add_723/i38|CO                  adder          0.000             3.788              2         (95,137)
add_723/n76                     net            0.000             3.788              2         (95,137)
   Routing elements:
      Manhattan distance of X:0, Y:1
add_723/i39|CI                  adder          0.050             3.838              2         (95,138)
add_723/i39|CO                  adder          0.000             3.838              2         (95,138)
add_723/n78                     net            0.000             3.838              2         (95,138)
   Routing elements:
      Manhattan distance of X:0, Y:1
add_723/i40|CI                  adder          0.050             3.888              2         (95,139)
add_723/i40|CO                  adder          0.000             3.888              2         (95,139)
add_723/n80                     net            0.000             3.888              2         (95,139)
   Routing elements:
      Manhattan distance of X:0, Y:1
add_723/i41|CI                  adder          0.190             4.078              2         (95,140)
add_723/i41|O                   adder          0.000             4.078              2         (95,140)
n8437                           net            0.337             4.415              2         (95,140)
   Routing elements:
      Manhattan distance of X:2, Y:0
add_400/i41|I1                  adder          0.223             4.638              2         (97,140)
add_400/i41|CO                  adder          0.000             4.638              2         (97,140)
add_400/n82                     net            0.000             4.638              2         (97,140)
   Routing elements:
      Manhattan distance of X:0, Y:1
add_400/i42|CI                  adder          0.050             4.688              2         (97,141)
add_400/i42|CO                  adder          0.000             4.688              2         (97,141)
add_400/n84                     net            0.000             4.688              2         (97,141)
   Routing elements:
      Manhattan distance of X:0, Y:1
add_400/i43|CI                  adder          0.050             4.738              2         (97,142)
add_400/i43|CO                  adder          0.000             4.738              2         (97,142)
add_400/n86                     net            0.000             4.738              2         (97,142)
   Routing elements:
      Manhattan distance of X:0, Y:1
add_400/i44|CI                  adder          0.050             4.788              2         (97,143)
add_400/i44|CO                  adder          0.000             4.788              2         (97,143)
add_400/n88                     net            0.000             4.788              2         (97,143)
   Routing elements:
      Manhattan distance of X:0, Y:1
add_400/i45|CI                  adder          0.050             4.838              2         (97,144)
add_400/i45|CO                  adder          0.000             4.838              2         (97,144)
add_400/n90                     net            0.000             4.838              2         (97,144)
   Routing elements:
      Manhattan distance of X:0, Y:1
add_400/i46|CI                  adder          0.050             4.888              2         (97,145)
add_400/i46|CO                  adder          0.000             4.888              2         (97,145)
add_400/n92                     net            0.000             4.888              2         (97,145)
   Routing elements:
      Manhattan distance of X:0, Y:1
add_400/i47|CI                  adder          0.050             4.938              2         (97,146)
add_400/i47|CO                  adder          0.000             4.938              2         (97,146)
add_400/n94                     net            0.000             4.938              2         (97,146)
   Routing elements:
      Manhattan distance of X:0, Y:1
add_400/i48|CI                  adder          0.050             4.988              2         (97,147)
add_400/i48|CO                  adder          0.000             4.988              2         (97,147)
add_400/n96                     net            0.000             4.988              2         (97,147)
   Routing elements:
      Manhattan distance of X:0, Y:1
add_400/i49|CI                  adder          0.050             5.038              2         (97,148)
add_400/i49|CO                  adder          0.000             5.038              2         (97,148)
add_400/n98                     net            0.000             5.038              2         (97,148)
   Routing elements:
      Manhattan distance of X:0, Y:1
add_400/i50|CI                  adder          0.050             5.088              2         (97,149)
add_400/i50|CO                  adder          0.000             5.088              2         (97,149)
add_400/n100                    net            0.000             5.088              2         (97,149)
   Routing elements:
      Manhattan distance of X:0, Y:1
add_400/i51|CI                  adder          0.050             5.138              2         (97,150)
add_400/i51|CO                  adder          0.000             5.138              2         (97,150)
add_400/n102                    net            0.000             5.138              2         (97,150)
   Routing elements:
      Manhattan distance of X:0, Y:1
add_400/i52|CI                  adder          0.050             5.188              2         (97,151)
add_400/i52|CO                  adder          0.000             5.188              2         (97,151)
add_400/n104                    net            0.000             5.188              2         (97,151)
   Routing elements:
      Manhattan distance of X:0, Y:1
add_400/i53|CI                  adder          0.050             5.238              2         (97,152)
add_400/i53|CO                  adder          0.000             5.238              2         (97,152)
add_400/n106                    net            0.000             5.238              2         (97,152)
   Routing elements:
      Manhattan distance of X:0, Y:1
add_400/i54|CI                  adder          0.050             5.288              2         (97,153)
add_400/i54|CO                  adder          0.000             5.288              2         (97,153)
add_400/n108                    net            0.000             5.288              2         (97,153)
   Routing elements:
      Manhattan distance of X:0, Y:1
add_400/i55|CI                  adder          0.050             5.338              2         (97,154)
add_400/i55|CO                  adder          0.000             5.338              2         (97,154)
add_400/n110                    net            0.000             5.338              2         (97,154)
   Routing elements:
      Manhattan distance of X:0, Y:1
add_400/i56|CI                  adder          0.050             5.388              2         (97,155)
add_400/i56|CO                  adder          0.000             5.388              2         (97,155)
add_400/n112                    net            0.000             5.388              2         (97,155)
   Routing elements:
      Manhattan distance of X:0, Y:1
add_400/i57|CI                  adder          0.050             5.438              2         (97,156)
add_400/i57|CO                  adder          0.000             5.438              2         (97,156)
add_400/n114                    net            0.000             5.438              2         (97,156)
   Routing elements:
      Manhattan distance of X:0, Y:1
add_400/i58|CI                  adder          0.050             5.488              2         (97,157)
add_400/i58|CO                  adder          0.000             5.488              2         (97,157)
add_400/n116                    net            0.000             5.488              2         (97,157)
   Routing elements:
      Manhattan distance of X:0, Y:1
add_400/i59|CI                  adder          0.050             5.538              2         (97,158)
add_400/i59|CO                  adder          0.000             5.538              2         (97,158)
add_400/n118                    net            0.000             5.538              2         (97,158)
   Routing elements:
      Manhattan distance of X:0, Y:1
add_400/i60|CI                  adder          0.050             5.588              2         (97,159)
add_400/i60|CO                  adder          0.000             5.588              2         (97,159)
add_400/n120                    net            0.000             5.588              2         (97,159)
   Routing elements:
      Manhattan distance of X:0, Y:1
add_400/i61|CI                  adder          0.050             5.638              2         (97,160)
add_400/i61|CO                  adder          0.000             5.638              2         (97,160)
add_400/n122                    net            0.000             5.638              2         (97,160)
   Routing elements:
      Manhattan distance of X:0, Y:1
add_400/i62|CI                  adder          0.050             5.688              2         (97,161)
add_400/i62|CO                  adder          0.000             5.688              2         (97,161)
add_400/n124                    net            0.000             5.688              2         (97,161)
   Routing elements:
      Manhattan distance of X:0, Y:1
add_400/i63|CI                  adder          0.050             5.738              2         (97,162)
add_400/i63|CO                  adder          0.000             5.738              2         (97,162)
add_400/n126                    net            0.000             5.738              2         (97,162)
   Routing elements:
      Manhattan distance of X:0, Y:1
add_400/i64|CI                  adder          0.190             5.928              2         (97,163)
add_400/i64|O                   adder          0.000             5.928              2         (97,163)
conv2_part1Reg[33]~FF_frt_61|D  ff             0.118             6.046              2         (97,163)

Capture Clock Path
              name                model name   delay (ns)  cumulative delay (ns) pins on net    location
==========================================================================================================
clk                                 inpad        0.000             0.000               0        (0,118) 
clk                                 inpad        0.200             0.200               2        (0,118) 
clk                                 net          0.320             0.520               2        (0,118) 
   Routing elements:
      Manhattan distance of X:1, Y:0
CLKBUF__0|I                         gbuf         3.590             4.110               2        (1,118) 
CLKBUF__0|O                         gbuf         0.000             4.110             776        (1,118) 
clk~O                               net          0.000             4.110             776        (1,118) 
conv2_part1Reg[33]~FF_frt_61|CLK    ff           0.000             4.110             776        (97,163)

++++ Path 8 ++++++++++++++++++++++++++++++++++++++++++++++++++++++++++++++++++++

Path Begin    : mult_716|CLK                         
Path End      : conv2_part1Reg[33]~FF_frt_61|D       
Launch Clock  : clk (RISE)                           
Capture Clock : clk (RISE)                           
Slack         : -5.166 (required time - arrival time)
Delay         : 5.367                                

Logic Level             : 35
Non-global nets on path : 35
Global nets on path     :  0

Launch Clock Path Delay        :  4.110
+ Clock To Q + Data Path Delay :  6.046
---------------------------------------
End-of-path arrival time       : 10.156

Constraint                     : 1.000
+ Capture Clock Path Delay     : 4.110
- Clock Uncertainty            : 0.120
--------------------------------------
End-of-path required time      : 4.990

Launch Clock Path
    name      model name   delay (ns)  cumulative delay (ns) pins on net    location
======================================================================================
clk           inpad          0.000             0.000               0        (0,118) 
clk           inpad          0.200             0.200               2        (0,118) 
clk           net            0.320             0.520               2        (0,118) 
   Routing elements:
      Manhattan distance of X:1, Y:0
CLKBUF__0|I   gbuf           3.590             4.110               2        (1,118) 
CLKBUF__0|O   gbuf           0.000             4.110             776        (1,118) 
clk~O         net            0.000             4.110             776        (1,118) 
mult_716|CLK  mult_18x18     0.000             4.110             776        (75,122)

Data Path
             name               model name   delay (ns)  cumulative delay (ns) pins on net    location
========================================================================================================
mult_716|O[8]                   mult_18x18     0.561             0.561              2         (75,122)
conv2_pHL_Reg[15]               net            1.903             2.464              2         (75,122)
   Routing elements:
      Manhattan distance of X:8, Y:9
add_107/i16|I0                  adder          0.223             2.687              2         (83,131)
add_107/i16|CO                  adder          0.000             2.687              2         (83,131)
add_107/n32                     net            0.000             2.687              2         (83,131)
   Routing elements:
      Manhattan distance of X:0, Y:1
add_107/i17|CI                  adder          0.190             2.877              2         (83,132)
add_107/i17|O                   adder          0.000             2.877              2         (83,132)
_zz_conv2_part1Reg_4[16]        net            0.438             3.315              2         (83,132)
   Routing elements:
      Manhattan distance of X:12, Y:0
add_723/i33|I1                  adder          0.223             3.538              2         (95,132)
add_723/i33|CO                  adder          0.000             3.538              2         (95,132)
add_723/n66                     net            0.000             3.538              2         (95,132)
   Routing elements:
      Manhattan distance of X:0, Y:1
add_723/i34|CI                  adder          0.050             3.588              2         (95,133)
add_723/i34|CO                  adder          0.000             3.588              2         (95,133)
add_723/n68                     net            0.000             3.588              2         (95,133)
   Routing elements:
      Manhattan distance of X:0, Y:1
add_723/i35|CI                  adder          0.050             3.638              2         (95,134)
add_723/i35|CO                  adder          0.000             3.638              2         (95,134)
add_723/n70                     net            0.000             3.638              2         (95,134)
   Routing elements:
      Manhattan distance of X:0, Y:1
add_723/i36|CI                  adder          0.050             3.688              2         (95,135)
add_723/i36|CO                  adder          0.000             3.688              2         (95,135)
add_723/n72                     net            0.000             3.688              2         (95,135)
   Routing elements:
      Manhattan distance of X:0, Y:1
add_723/i37|CI                  adder          0.050             3.738              2         (95,136)
add_723/i37|CO                  adder          0.000             3.738              2         (95,136)
add_723/n74                     net            0.000             3.738              2         (95,136)
   Routing elements:
      Manhattan distance of X:0, Y:1
add_723/i38|CI                  adder          0.050             3.788              2         (95,137)
add_723/i38|CO                  adder          0.000             3.788              2         (95,137)
add_723/n76                     net            0.000             3.788              2         (95,137)
   Routing elements:
      Manhattan distance of X:0, Y:1
add_723/i39|CI                  adder          0.050             3.838              2         (95,138)
add_723/i39|CO                  adder          0.000             3.838              2         (95,138)
add_723/n78                     net            0.000             3.838              2         (95,138)
   Routing elements:
      Manhattan distance of X:0, Y:1
add_723/i40|CI                  adder          0.190             4.028              2         (95,139)
add_723/i40|O                   adder          0.000             4.028              2         (95,139)
n8438                           net            0.337             4.365              2         (95,139)
   Routing elements:
      Manhattan distance of X:2, Y:0
add_400/i40|I1                  adder          0.223             4.588              2         (97,139)
add_400/i40|CO                  adder          0.000             4.588              2         (97,139)
add_400/n80                     net            0.000             4.588              2         (97,139)
   Routing elements:
      Manhattan distance of X:0, Y:1
add_400/i41|CI                  adder          0.050             4.638              2         (97,140)
add_400/i41|CO                  adder          0.000             4.638              2         (97,140)
add_400/n82                     net            0.000             4.638              2         (97,140)
   Routing elements:
      Manhattan distance of X:0, Y:1
add_400/i42|CI                  adder          0.050             4.688              2         (97,141)
add_400/i42|CO                  adder          0.000             4.688              2         (97,141)
add_400/n84                     net            0.000             4.688              2         (97,141)
   Routing elements:
      Manhattan distance of X:0, Y:1
add_400/i43|CI                  adder          0.050             4.738              2         (97,142)
add_400/i43|CO                  adder          0.000             4.738              2         (97,142)
add_400/n86                     net            0.000             4.738              2         (97,142)
   Routing elements:
      Manhattan distance of X:0, Y:1
add_400/i44|CI                  adder          0.050             4.788              2         (97,143)
add_400/i44|CO                  adder          0.000             4.788              2         (97,143)
add_400/n88                     net            0.000             4.788              2         (97,143)
   Routing elements:
      Manhattan distance of X:0, Y:1
add_400/i45|CI                  adder          0.050             4.838              2         (97,144)
add_400/i45|CO                  adder          0.000             4.838              2         (97,144)
add_400/n90                     net            0.000             4.838              2         (97,144)
   Routing elements:
      Manhattan distance of X:0, Y:1
add_400/i46|CI                  adder          0.050             4.888              2         (97,145)
add_400/i46|CO                  adder          0.000             4.888              2         (97,145)
add_400/n92                     net            0.000             4.888              2         (97,145)
   Routing elements:
      Manhattan distance of X:0, Y:1
add_400/i47|CI                  adder          0.050             4.938              2         (97,146)
add_400/i47|CO                  adder          0.000             4.938              2         (97,146)
add_400/n94                     net            0.000             4.938              2         (97,146)
   Routing elements:
      Manhattan distance of X:0, Y:1
add_400/i48|CI                  adder          0.050             4.988              2         (97,147)
add_400/i48|CO                  adder          0.000             4.988              2         (97,147)
add_400/n96                     net            0.000             4.988              2         (97,147)
   Routing elements:
      Manhattan distance of X:0, Y:1
add_400/i49|CI                  adder          0.050             5.038              2         (97,148)
add_400/i49|CO                  adder          0.000             5.038              2         (97,148)
add_400/n98                     net            0.000             5.038              2         (97,148)
   Routing elements:
      Manhattan distance of X:0, Y:1
add_400/i50|CI                  adder          0.050             5.088              2         (97,149)
add_400/i50|CO                  adder          0.000             5.088              2         (97,149)
add_400/n100                    net            0.000             5.088              2         (97,149)
   Routing elements:
      Manhattan distance of X:0, Y:1
add_400/i51|CI                  adder          0.050             5.138              2         (97,150)
add_400/i51|CO                  adder          0.000             5.138              2         (97,150)
add_400/n102                    net            0.000             5.138              2         (97,150)
   Routing elements:
      Manhattan distance of X:0, Y:1
add_400/i52|CI                  adder          0.050             5.188              2         (97,151)
add_400/i52|CO                  adder          0.000             5.188              2         (97,151)
add_400/n104                    net            0.000             5.188              2         (97,151)
   Routing elements:
      Manhattan distance of X:0, Y:1
add_400/i53|CI                  adder          0.050             5.238              2         (97,152)
add_400/i53|CO                  adder          0.000             5.238              2         (97,152)
add_400/n106                    net            0.000             5.238              2         (97,152)
   Routing elements:
      Manhattan distance of X:0, Y:1
add_400/i54|CI                  adder          0.050             5.288              2         (97,153)
add_400/i54|CO                  adder          0.000             5.288              2         (97,153)
add_400/n108                    net            0.000             5.288              2         (97,153)
   Routing elements:
      Manhattan distance of X:0, Y:1
add_400/i55|CI                  adder          0.050             5.338              2         (97,154)
add_400/i55|CO                  adder          0.000             5.338              2         (97,154)
add_400/n110                    net            0.000             5.338              2         (97,154)
   Routing elements:
      Manhattan distance of X:0, Y:1
add_400/i56|CI                  adder          0.050             5.388              2         (97,155)
add_400/i56|CO                  adder          0.000             5.388              2         (97,155)
add_400/n112                    net            0.000             5.388              2         (97,155)
   Routing elements:
      Manhattan distance of X:0, Y:1
add_400/i57|CI                  adder          0.050             5.438              2         (97,156)
add_400/i57|CO                  adder          0.000             5.438              2         (97,156)
add_400/n114                    net            0.000             5.438              2         (97,156)
   Routing elements:
      Manhattan distance of X:0, Y:1
add_400/i58|CI                  adder          0.050             5.488              2         (97,157)
add_400/i58|CO                  adder          0.000             5.488              2         (97,157)
add_400/n116                    net            0.000             5.488              2         (97,157)
   Routing elements:
      Manhattan distance of X:0, Y:1
add_400/i59|CI                  adder          0.050             5.538              2         (97,158)
add_400/i59|CO                  adder          0.000             5.538              2         (97,158)
add_400/n118                    net            0.000             5.538              2         (97,158)
   Routing elements:
      Manhattan distance of X:0, Y:1
add_400/i60|CI                  adder          0.050             5.588              2         (97,159)
add_400/i60|CO                  adder          0.000             5.588              2         (97,159)
add_400/n120                    net            0.000             5.588              2         (97,159)
   Routing elements:
      Manhattan distance of X:0, Y:1
add_400/i61|CI                  adder          0.050             5.638              2         (97,160)
add_400/i61|CO                  adder          0.000             5.638              2         (97,160)
add_400/n122                    net            0.000             5.638              2         (97,160)
   Routing elements:
      Manhattan distance of X:0, Y:1
add_400/i62|CI                  adder          0.050             5.688              2         (97,161)
add_400/i62|CO                  adder          0.000             5.688              2         (97,161)
add_400/n124                    net            0.000             5.688              2         (97,161)
   Routing elements:
      Manhattan distance of X:0, Y:1
add_400/i63|CI                  adder          0.050             5.738              2         (97,162)
add_400/i63|CO                  adder          0.000             5.738              2         (97,162)
add_400/n126                    net            0.000             5.738              2         (97,162)
   Routing elements:
      Manhattan distance of X:0, Y:1
add_400/i64|CI                  adder          0.190             5.928              2         (97,163)
add_400/i64|O                   adder          0.000             5.928              2         (97,163)
conv2_part1Reg[33]~FF_frt_61|D  ff             0.118             6.046              2         (97,163)

Capture Clock Path
              name                model name   delay (ns)  cumulative delay (ns) pins on net    location
==========================================================================================================
clk                                 inpad        0.000             0.000               0        (0,118) 
clk                                 inpad        0.200             0.200               2        (0,118) 
clk                                 net          0.320             0.520               2        (0,118) 
   Routing elements:
      Manhattan distance of X:1, Y:0
CLKBUF__0|I                         gbuf         3.590             4.110               2        (1,118) 
CLKBUF__0|O                         gbuf         0.000             4.110             776        (1,118) 
clk~O                               net          0.000             4.110             776        (1,118) 
conv2_part1Reg[33]~FF_frt_61|CLK    ff           0.000             4.110             776        (97,163)

++++ Path 9 ++++++++++++++++++++++++++++++++++++++++++++++++++++++++++++++++++++

Path Begin    : mult_716|CLK                         
Path End      : conv2_part1Reg[33]~FF_frt_61|D       
Launch Clock  : clk (RISE)                           
Capture Clock : clk (RISE)                           
Slack         : -5.166 (required time - arrival time)
Delay         : 5.367                                

Logic Level             : 35
Non-global nets on path : 35
Global nets on path     :  0

Launch Clock Path Delay        :  4.110
+ Clock To Q + Data Path Delay :  6.046
---------------------------------------
End-of-path arrival time       : 10.156

Constraint                     : 1.000
+ Capture Clock Path Delay     : 4.110
- Clock Uncertainty            : 0.120
--------------------------------------
End-of-path required time      : 4.990

Launch Clock Path
    name      model name   delay (ns)  cumulative delay (ns) pins on net    location
======================================================================================
clk           inpad          0.000             0.000               0        (0,118) 
clk           inpad          0.200             0.200               2        (0,118) 
clk           net            0.320             0.520               2        (0,118) 
   Routing elements:
      Manhattan distance of X:1, Y:0
CLKBUF__0|I   gbuf           3.590             4.110               2        (1,118) 
CLKBUF__0|O   gbuf           0.000             4.110             776        (1,118) 
clk~O         net            0.000             4.110             776        (1,118) 
mult_716|CLK  mult_18x18     0.000             4.110             776        (75,122)

Data Path
             name               model name   delay (ns)  cumulative delay (ns) pins on net    location
========================================================================================================
mult_716|O[8]                   mult_18x18     0.561             0.561              2         (75,122)
conv2_pHL_Reg[15]               net            1.903             2.464              2         (75,122)
   Routing elements:
      Manhattan distance of X:8, Y:9
add_107/i16|I0                  adder          0.223             2.687              2         (83,131)
add_107/i16|CO                  adder          0.000             2.687              2         (83,131)
add_107/n32                     net            0.000             2.687              2         (83,131)
   Routing elements:
      Manhattan distance of X:0, Y:1
add_107/i17|CI                  adder          0.050             2.737              2         (83,132)
add_107/i17|CO                  adder          0.000             2.737              2         (83,132)
add_107/n34                     net            0.000             2.737              2         (83,132)
   Routing elements:
      Manhattan distance of X:0, Y:1
add_107/i18|CI                  adder          0.190             2.927              2         (83,133)
add_107/i18|O                   adder          0.000             2.927              2         (83,133)
_zz_conv2_part1Reg_4[17]        net            0.438             3.365              2         (83,133)
   Routing elements:
      Manhattan distance of X:12, Y:0
add_723/i34|I1                  adder          0.223             3.588              2         (95,133)
add_723/i34|CO                  adder          0.000             3.588              2         (95,133)
add_723/n68                     net            0.000             3.588              2         (95,133)
   Routing elements:
      Manhattan distance of X:0, Y:1
add_723/i35|CI                  adder          0.050             3.638              2         (95,134)
add_723/i35|CO                  adder          0.000             3.638              2         (95,134)
add_723/n70                     net            0.000             3.638              2         (95,134)
   Routing elements:
      Manhattan distance of X:0, Y:1
add_723/i36|CI                  adder          0.050             3.688              2         (95,135)
add_723/i36|CO                  adder          0.000             3.688              2         (95,135)
add_723/n72                     net            0.000             3.688              2         (95,135)
   Routing elements:
      Manhattan distance of X:0, Y:1
add_723/i37|CI                  adder          0.050             3.738              2         (95,136)
add_723/i37|CO                  adder          0.000             3.738              2         (95,136)
add_723/n74                     net            0.000             3.738              2         (95,136)
   Routing elements:
      Manhattan distance of X:0, Y:1
add_723/i38|CI                  adder          0.050             3.788              2         (95,137)
add_723/i38|CO                  adder          0.000             3.788              2         (95,137)
add_723/n76                     net            0.000             3.788              2         (95,137)
   Routing elements:
      Manhattan distance of X:0, Y:1
add_723/i39|CI                  adder          0.050             3.838              2         (95,138)
add_723/i39|CO                  adder          0.000             3.838              2         (95,138)
add_723/n78                     net            0.000             3.838              2         (95,138)
   Routing elements:
      Manhattan distance of X:0, Y:1
add_723/i40|CI                  adder          0.050             3.888              2         (95,139)
add_723/i40|CO                  adder          0.000             3.888              2         (95,139)
add_723/n80                     net            0.000             3.888              2         (95,139)
   Routing elements:
      Manhattan distance of X:0, Y:1
add_723/i41|CI                  adder          0.050             3.938              2         (95,140)
add_723/i41|CO                  adder          0.000             3.938              2         (95,140)
add_723/n82                     net            0.000             3.938              2         (95,140)
   Routing elements:
      Manhattan distance of X:0, Y:1
add_723/i42|CI                  adder          0.050             3.988              2         (95,141)
add_723/i42|CO                  adder          0.000             3.988              2         (95,141)
add_723/n84                     net            0.000             3.988              2         (95,141)
   Routing elements:
      Manhattan distance of X:0, Y:1
add_723/i43|CI                  adder          0.050             4.038              2         (95,142)
add_723/i43|CO                  adder          0.000             4.038              2         (95,142)
add_723/n86                     net            0.000             4.038              2         (95,142)
   Routing elements:
      Manhattan distance of X:0, Y:1
add_723/i44|CI                  adder          0.050             4.088              2         (95,143)
add_723/i44|CO                  adder          0.000             4.088              2         (95,143)
add_723/n88                     net            0.000             4.088              2         (95,143)
   Routing elements:
      Manhattan distance of X:0, Y:1
add_723/i45|CI                  adder          0.050             4.138              2         (95,144)
add_723/i45|CO                  adder          0.000             4.138              2         (95,144)
add_723/n90                     net            0.000             4.138              2         (95,144)
   Routing elements:
      Manhattan distance of X:0, Y:1
add_723/i46|CI                  adder          0.050             4.188              2         (95,145)
add_723/i46|CO                  adder          0.000             4.188              2         (95,145)
add_723/n92                     net            0.000             4.188              2         (95,145)
   Routing elements:
      Manhattan distance of X:0, Y:1
add_723/i47|CI                  adder          0.050             4.238              2         (95,146)
add_723/i47|CO                  adder          0.000             4.238              2         (95,146)
add_723/n94                     net            0.000             4.238              2         (95,146)
   Routing elements:
      Manhattan distance of X:0, Y:1
add_723/i48|CI                  adder          0.050             4.288              2         (95,147)
add_723/i48|CO                  adder          0.000             4.288              2         (95,147)
n4361                           net            0.000             4.288              2         (95,147)
   Routing elements:
      Manhattan distance of X:0, Y:1
add_723/i48__AUX_ADD_CO|CI      adder          0.190             4.478              2         (95,148)
add_723/i48__AUX_ADD_CO|O       adder          0.000             4.478              2         (95,148)
n8429                           net            0.337             4.815              2         (95,148)
   Routing elements:
      Manhattan distance of X:2, Y:0
add_400/i49|I1                  adder          0.223             5.038              2         (97,148)
add_400/i49|CO                  adder          0.000             5.038              2         (97,148)
add_400/n98                     net            0.000             5.038              2         (97,148)
   Routing elements:
      Manhattan distance of X:0, Y:1
add_400/i50|CI                  adder          0.050             5.088              2         (97,149)
add_400/i50|CO                  adder          0.000             5.088              2         (97,149)
add_400/n100                    net            0.000             5.088              2         (97,149)
   Routing elements:
      Manhattan distance of X:0, Y:1
add_400/i51|CI                  adder          0.050             5.138              2         (97,150)
add_400/i51|CO                  adder          0.000             5.138              2         (97,150)
add_400/n102                    net            0.000             5.138              2         (97,150)
   Routing elements:
      Manhattan distance of X:0, Y:1
add_400/i52|CI                  adder          0.050             5.188              2         (97,151)
add_400/i52|CO                  adder          0.000             5.188              2         (97,151)
add_400/n104                    net            0.000             5.188              2         (97,151)
   Routing elements:
      Manhattan distance of X:0, Y:1
add_400/i53|CI                  adder          0.050             5.238              2         (97,152)
add_400/i53|CO                  adder          0.000             5.238              2         (97,152)
add_400/n106                    net            0.000             5.238              2         (97,152)
   Routing elements:
      Manhattan distance of X:0, Y:1
add_400/i54|CI                  adder          0.050             5.288              2         (97,153)
add_400/i54|CO                  adder          0.000             5.288              2         (97,153)
add_400/n108                    net            0.000             5.288              2         (97,153)
   Routing elements:
      Manhattan distance of X:0, Y:1
add_400/i55|CI                  adder          0.050             5.338              2         (97,154)
add_400/i55|CO                  adder          0.000             5.338              2         (97,154)
add_400/n110                    net            0.000             5.338              2         (97,154)
   Routing elements:
      Manhattan distance of X:0, Y:1
add_400/i56|CI                  adder          0.050             5.388              2         (97,155)
add_400/i56|CO                  adder          0.000             5.388              2         (97,155)
add_400/n112                    net            0.000             5.388              2         (97,155)
   Routing elements:
      Manhattan distance of X:0, Y:1
add_400/i57|CI                  adder          0.050             5.438              2         (97,156)
add_400/i57|CO                  adder          0.000             5.438              2         (97,156)
add_400/n114                    net            0.000             5.438              2         (97,156)
   Routing elements:
      Manhattan distance of X:0, Y:1
add_400/i58|CI                  adder          0.050             5.488              2         (97,157)
add_400/i58|CO                  adder          0.000             5.488              2         (97,157)
add_400/n116                    net            0.000             5.488              2         (97,157)
   Routing elements:
      Manhattan distance of X:0, Y:1
add_400/i59|CI                  adder          0.050             5.538              2         (97,158)
add_400/i59|CO                  adder          0.000             5.538              2         (97,158)
add_400/n118                    net            0.000             5.538              2         (97,158)
   Routing elements:
      Manhattan distance of X:0, Y:1
add_400/i60|CI                  adder          0.050             5.588              2         (97,159)
add_400/i60|CO                  adder          0.000             5.588              2         (97,159)
add_400/n120                    net            0.000             5.588              2         (97,159)
   Routing elements:
      Manhattan distance of X:0, Y:1
add_400/i61|CI                  adder          0.050             5.638              2         (97,160)
add_400/i61|CO                  adder          0.000             5.638              2         (97,160)
add_400/n122                    net            0.000             5.638              2         (97,160)
   Routing elements:
      Manhattan distance of X:0, Y:1
add_400/i62|CI                  adder          0.050             5.688              2         (97,161)
add_400/i62|CO                  adder          0.000             5.688              2         (97,161)
add_400/n124                    net            0.000             5.688              2         (97,161)
   Routing elements:
      Manhattan distance of X:0, Y:1
add_400/i63|CI                  adder          0.050             5.738              2         (97,162)
add_400/i63|CO                  adder          0.000             5.738              2         (97,162)
add_400/n126                    net            0.000             5.738              2         (97,162)
   Routing elements:
      Manhattan distance of X:0, Y:1
add_400/i64|CI                  adder          0.190             5.928              2         (97,163)
add_400/i64|O                   adder          0.000             5.928              2         (97,163)
conv2_part1Reg[33]~FF_frt_61|D  ff             0.118             6.046              2         (97,163)

Capture Clock Path
              name                model name   delay (ns)  cumulative delay (ns) pins on net    location
==========================================================================================================
clk                                 inpad        0.000             0.000               0        (0,118) 
clk                                 inpad        0.200             0.200               2        (0,118) 
clk                                 net          0.320             0.520               2        (0,118) 
   Routing elements:
      Manhattan distance of X:1, Y:0
CLKBUF__0|I                         gbuf         3.590             4.110               2        (1,118) 
CLKBUF__0|O                         gbuf         0.000             4.110             776        (1,118) 
clk~O                               net          0.000             4.110             776        (1,118) 
conv2_part1Reg[33]~FF_frt_61|CLK    ff           0.000             4.110             776        (97,163)

++++ Path 10 +++++++++++++++++++++++++++++++++++++++++++++++++++++++++++++++++++

Path Begin    : mult_716|CLK                         
Path End      : conv2_part1Reg[33]~FF_frt_61|D       
Launch Clock  : clk (RISE)                           
Capture Clock : clk (RISE)                           
Slack         : -5.166 (required time - arrival time)
Delay         : 5.367                                

Logic Level             : 35
Non-global nets on path : 35
Global nets on path     :  0

Launch Clock Path Delay        :  4.110
+ Clock To Q + Data Path Delay :  6.046
---------------------------------------
End-of-path arrival time       : 10.156

Constraint                     : 1.000
+ Capture Clock Path Delay     : 4.110
- Clock Uncertainty            : 0.120
--------------------------------------
End-of-path required time      : 4.990

Launch Clock Path
    name      model name   delay (ns)  cumulative delay (ns) pins on net    location
======================================================================================
clk           inpad          0.000             0.000               0        (0,118) 
clk           inpad          0.200             0.200               2        (0,118) 
clk           net            0.320             0.520               2        (0,118) 
   Routing elements:
      Manhattan distance of X:1, Y:0
CLKBUF__0|I   gbuf           3.590             4.110               2        (1,118) 
CLKBUF__0|O   gbuf           0.000             4.110             776        (1,118) 
clk~O         net            0.000             4.110             776        (1,118) 
mult_716|CLK  mult_18x18     0.000             4.110             776        (75,122)

Data Path
             name               model name   delay (ns)  cumulative delay (ns) pins on net    location
========================================================================================================
mult_716|O[8]                   mult_18x18     0.561             0.561              2         (75,122)
conv2_pHL_Reg[15]               net            1.903             2.464              2         (75,122)
   Routing elements:
      Manhattan distance of X:8, Y:9
add_107/i16|I0                  adder          0.223             2.687              2         (83,131)
add_107/i16|CO                  adder          0.000             2.687              2         (83,131)
add_107/n32                     net            0.000             2.687              2         (83,131)
   Routing elements:
      Manhattan distance of X:0, Y:1
add_107/i17|CI                  adder          0.050             2.737              2         (83,132)
add_107/i17|CO                  adder          0.000             2.737              2         (83,132)
add_107/n34                     net            0.000             2.737              2         (83,132)
   Routing elements:
      Manhattan distance of X:0, Y:1
add_107/i18|CI                  adder          0.050             2.787              2         (83,133)
add_107/i18|CO                  adder          0.000             2.787              2         (83,133)
add_107/n36                     net            0.000             2.787              2         (83,133)
   Routing elements:
      Manhattan distance of X:0, Y:1
add_107/i19|CI                  adder          0.050             2.837              2         (83,134)
add_107/i19|CO                  adder          0.000             2.837              2         (83,134)
add_107/n38                     net            0.000             2.837              2         (83,134)
   Routing elements:
      Manhattan distance of X:0, Y:1
add_107/i20|CI                  adder          0.050             2.887              2         (83,135)
add_107/i20|CO                  adder          0.000             2.887              2         (83,135)
add_107/n40                     net            0.000             2.887              2         (83,135)
   Routing elements:
      Manhattan distance of X:0, Y:1
add_107/i21|CI                  adder          0.050             2.937              2         (83,136)
add_107/i21|CO                  adder          0.000             2.937              2         (83,136)
add_107/n42                     net            0.000             2.937              2         (83,136)
   Routing elements:
      Manhattan distance of X:0, Y:1
add_107/i22|CI                  adder          0.050             2.987              2         (83,137)
add_107/i22|CO                  adder          0.000             2.987              2         (83,137)
add_107/n44                     net            0.000             2.987              2         (83,137)
   Routing elements:
      Manhattan distance of X:0, Y:1
add_107/i23|CI                  adder          0.050             3.037              2         (83,138)
add_107/i23|CO                  adder          0.000             3.037              2         (83,138)
add_107/n46                     net            0.000             3.037              2         (83,138)
   Routing elements:
      Manhattan distance of X:0, Y:1
add_107/i24|CI                  adder          0.050             3.087              2         (83,139)
add_107/i24|CO                  adder          0.000             3.087              2         (83,139)
add_107/n48                     net            0.000             3.087              2         (83,139)
   Routing elements:
      Manhattan distance of X:0, Y:1
add_107/i25|CI                  adder          0.050             3.137              2         (83,140)
add_107/i25|CO                  adder          0.000             3.137              2         (83,140)
add_107/n50                     net            0.000             3.137              2         (83,140)
   Routing elements:
      Manhattan distance of X:0, Y:1
add_107/i26|CI                  adder          0.050             3.187              2         (83,141)
add_107/i26|CO                  adder          0.000             3.187              2         (83,141)
add_107/n52                     net            0.000             3.187              2         (83,141)
   Routing elements:
      Manhattan distance of X:0, Y:1
add_107/i27|CI                  adder          0.050             3.237              2         (83,142)
add_107/i27|CO                  adder          0.000             3.237              2         (83,142)
add_107/n54                     net            0.000             3.237              2         (83,142)
   Routing elements:
      Manhattan distance of X:0, Y:1
add_107/i28|CI                  adder          0.050             3.287              2         (83,143)
add_107/i28|CO                  adder          0.000             3.287              2         (83,143)
add_107/n56                     net            0.000             3.287              2         (83,143)
   Routing elements:
      Manhattan distance of X:0, Y:1
add_107/i29|CI                  adder          0.050             3.337              2         (83,144)
add_107/i29|CO                  adder          0.000             3.337              2         (83,144)
add_107/n58                     net            0.000             3.337              2         (83,144)
   Routing elements:
      Manhattan distance of X:0, Y:1
add_107/i30|CI                  adder          0.050             3.387              2         (83,145)
add_107/i30|CO                  adder          0.000             3.387              2         (83,145)
add_107/n60                     net            0.000             3.387              2         (83,145)
   Routing elements:
      Manhattan distance of X:0, Y:1
add_107/i31|CI                  adder          0.050             3.437              2         (83,146)
add_107/i31|CO                  adder          0.000             3.437              2         (83,146)
add_107/n62                     net            0.000             3.437              2         (83,146)
   Routing elements:
      Manhattan distance of X:0, Y:1
add_107/i32|CI                  adder          0.190             3.627              2         (83,147)
add_107/i32|O                   adder          0.000             3.627              2         (83,147)
_zz_conv2_part1Reg_4[31]        net            0.438             4.065              2         (83,147)
   Routing elements:
      Manhattan distance of X:12, Y:0
add_723/i48|I1                  adder          0.223             4.288              2         (95,147)
add_723/i48|CO                  adder          0.000             4.288              2         (95,147)
n4361                           net            0.000             4.288              2         (95,147)
   Routing elements:
      Manhattan distance of X:0, Y:1
add_723/i48__AUX_ADD_CO|CI      adder          0.190             4.478              2         (95,148)
add_723/i48__AUX_ADD_CO|O       adder          0.000             4.478              2         (95,148)
n8429                           net            0.337             4.815              2         (95,148)
   Routing elements:
      Manhattan distance of X:2, Y:0
add_400/i49|I1                  adder          0.223             5.038              2         (97,148)
add_400/i49|CO                  adder          0.000             5.038              2         (97,148)
add_400/n98                     net            0.000             5.038              2         (97,148)
   Routing elements:
      Manhattan distance of X:0, Y:1
add_400/i50|CI                  adder          0.050             5.088              2         (97,149)
add_400/i50|CO                  adder          0.000             5.088              2         (97,149)
add_400/n100                    net            0.000             5.088              2         (97,149)
   Routing elements:
      Manhattan distance of X:0, Y:1
add_400/i51|CI                  adder          0.050             5.138              2         (97,150)
add_400/i51|CO                  adder          0.000             5.138              2         (97,150)
add_400/n102                    net            0.000             5.138              2         (97,150)
   Routing elements:
      Manhattan distance of X:0, Y:1
add_400/i52|CI                  adder          0.050             5.188              2         (97,151)
add_400/i52|CO                  adder          0.000             5.188              2         (97,151)
add_400/n104                    net            0.000             5.188              2         (97,151)
   Routing elements:
      Manhattan distance of X:0, Y:1
add_400/i53|CI                  adder          0.050             5.238              2         (97,152)
add_400/i53|CO                  adder          0.000             5.238              2         (97,152)
add_400/n106                    net            0.000             5.238              2         (97,152)
   Routing elements:
      Manhattan distance of X:0, Y:1
add_400/i54|CI                  adder          0.050             5.288              2         (97,153)
add_400/i54|CO                  adder          0.000             5.288              2         (97,153)
add_400/n108                    net            0.000             5.288              2         (97,153)
   Routing elements:
      Manhattan distance of X:0, Y:1
add_400/i55|CI                  adder          0.050             5.338              2         (97,154)
add_400/i55|CO                  adder          0.000             5.338              2         (97,154)
add_400/n110                    net            0.000             5.338              2         (97,154)
   Routing elements:
      Manhattan distance of X:0, Y:1
add_400/i56|CI                  adder          0.050             5.388              2         (97,155)
add_400/i56|CO                  adder          0.000             5.388              2         (97,155)
add_400/n112                    net            0.000             5.388              2         (97,155)
   Routing elements:
      Manhattan distance of X:0, Y:1
add_400/i57|CI                  adder          0.050             5.438              2         (97,156)
add_400/i57|CO                  adder          0.000             5.438              2         (97,156)
add_400/n114                    net            0.000             5.438              2         (97,156)
   Routing elements:
      Manhattan distance of X:0, Y:1
add_400/i58|CI                  adder          0.050             5.488              2         (97,157)
add_400/i58|CO                  adder          0.000             5.488              2         (97,157)
add_400/n116                    net            0.000             5.488              2         (97,157)
   Routing elements:
      Manhattan distance of X:0, Y:1
add_400/i59|CI                  adder          0.050             5.538              2         (97,158)
add_400/i59|CO                  adder          0.000             5.538              2         (97,158)
add_400/n118                    net            0.000             5.538              2         (97,158)
   Routing elements:
      Manhattan distance of X:0, Y:1
add_400/i60|CI                  adder          0.050             5.588              2         (97,159)
add_400/i60|CO                  adder          0.000             5.588              2         (97,159)
add_400/n120                    net            0.000             5.588              2         (97,159)
   Routing elements:
      Manhattan distance of X:0, Y:1
add_400/i61|CI                  adder          0.050             5.638              2         (97,160)
add_400/i61|CO                  adder          0.000             5.638              2         (97,160)
add_400/n122                    net            0.000             5.638              2         (97,160)
   Routing elements:
      Manhattan distance of X:0, Y:1
add_400/i62|CI                  adder          0.050             5.688              2         (97,161)
add_400/i62|CO                  adder          0.000             5.688              2         (97,161)
add_400/n124                    net            0.000             5.688              2         (97,161)
   Routing elements:
      Manhattan distance of X:0, Y:1
add_400/i63|CI                  adder          0.050             5.738              2         (97,162)
add_400/i63|CO                  adder          0.000             5.738              2         (97,162)
add_400/n126                    net            0.000             5.738              2         (97,162)
   Routing elements:
      Manhattan distance of X:0, Y:1
add_400/i64|CI                  adder          0.190             5.928              2         (97,163)
add_400/i64|O                   adder          0.000             5.928              2         (97,163)
conv2_part1Reg[33]~FF_frt_61|D  ff             0.118             6.046              2         (97,163)

Capture Clock Path
              name                model name   delay (ns)  cumulative delay (ns) pins on net    location
==========================================================================================================
clk                                 inpad        0.000             0.000               0        (0,118) 
clk                                 inpad        0.200             0.200               2        (0,118) 
clk                                 net          0.320             0.520               2        (0,118) 
   Routing elements:
      Manhattan distance of X:1, Y:0
CLKBUF__0|I                         gbuf         3.590             4.110               2        (1,118) 
CLKBUF__0|O                         gbuf         0.000             4.110             776        (1,118) 
clk~O                               net          0.000             4.110             776        (1,118) 
conv2_part1Reg[33]~FF_frt_61|CLK    ff           0.000             4.110             776        (97,163)

---------- Path Details for Max Critical Paths (end) ---------------

---------- 4. Path Details for Min Critical Paths (begin) ----------

################################################################################
Path Detail Report (clk vs clk)
################################################################################


++++ Path 1 ++++++++++++++++++++++++++++++++++++++++++++++++++++++++++++++++++++

Path Begin    : conv2_recvCntReg[9]~FF|CLK          
Path End      : conv2_inputBuf_0__D$b12|WADDR[6]    
Launch Clock  : clk (RISE)                          
Capture Clock : clk (RISE)                          
Slack         : 0.188 (arrival time - required time)
Delay         : 0.272                               

Logic Level             : 0
Non-global nets on path : 1
Global nets on path     : 0

Launch Clock Path Delay        : 2.055
+ Clock To Q + Data Path Delay : 0.248
--------------------------------------
End-of-path arrival time       : 2.303

Constraint                     : 0.000
+ Capture Clock Path Delay     : 2.055
+ Clock Uncertainty            : 0.060
--------------------------------------
End-of-path required time      : 2.115

Launch Clock Path
           name             model name   delay (ns)  cumulative delay (ns) pins on net    location
====================================================================================================
clk                           inpad        0.000             0.000               0        (0,118) 
clk                           inpad        0.100             0.100               2        (0,118) 
clk                           net          0.160             0.260               2        (0,118) 
   Routing elements:
      Manhattan distance of X:1, Y:0
CLKBUF__0|I                   gbuf         1.795             2.055               2        (1,118) 
CLKBUF__0|O                   gbuf         0.000             2.055             776        (1,118) 
clk~O                         net          0.000             2.055             776        (1,118) 
conv2_recvCntReg[9]~FF|CLK    ff           0.000             2.055             776        (89,176)

Data Path
              name                model name   delay (ns)  cumulative delay (ns) pins on net    location
==========================================================================================================
conv2_recvCntReg[9]~FF|Q         ff               0.141            0.141              7        (89,176) 
conv2_recvCntReg[9]              net              0.272            0.413              7        (89,176) 
   Routing elements:
      Manhattan distance of X:12, Y:14
conv2_inputBuf_0__D$b12|WADDR[6] ram_4096x20     -0.165            0.248              7        (101,162)

Capture Clock Path
            name              model name   delay (ns)  cumulative delay (ns) pins on net    location
======================================================================================================
clk                          inpad           0.000             0.000               0       (0,118)  
clk                          inpad           0.100             0.100               2       (0,118)  
clk                          net             0.160             0.260               2       (0,118)  
   Routing elements:
      Manhattan distance of X:1, Y:0
CLKBUF__0|I                  gbuf            1.795             2.055               2       (1,118)  
CLKBUF__0|O                  gbuf            0.000             2.055             776       (1,118)  
clk~O                        net             0.000             2.055             776       (1,118)  
conv2_inputBuf_0__D$b12|WCLK ram_4096x20     0.000             2.055             776       (101,162)

++++ Path 2 ++++++++++++++++++++++++++++++++++++++++++++++++++++++++++++++++++++

Path Begin    : conv2_recvCntReg[4]~FF|CLK          
Path End      : conv2_inputBuf_0__D$b12|WADDR[1]    
Launch Clock  : clk (RISE)                          
Capture Clock : clk (RISE)                          
Slack         : 0.188 (arrival time - required time)
Delay         : 0.272                               

Logic Level             : 0
Non-global nets on path : 1
Global nets on path     : 0

Launch Clock Path Delay        : 2.055
+ Clock To Q + Data Path Delay : 0.248
--------------------------------------
End-of-path arrival time       : 2.303

Constraint                     : 0.000
+ Capture Clock Path Delay     : 2.055
+ Clock Uncertainty            : 0.060
--------------------------------------
End-of-path required time      : 2.115

Launch Clock Path
           name             model name   delay (ns)  cumulative delay (ns) pins on net    location
====================================================================================================
clk                           inpad        0.000             0.000               0        (0,118) 
clk                           inpad        0.100             0.100               2        (0,118) 
clk                           net          0.160             0.260               2        (0,118) 
   Routing elements:
      Manhattan distance of X:1, Y:0
CLKBUF__0|I                   gbuf         1.795             2.055               2        (1,118) 
CLKBUF__0|O                   gbuf         0.000             2.055             776        (1,118) 
clk~O                         net          0.000             2.055             776        (1,118) 
conv2_recvCntReg[4]~FF|CLK    ff           0.000             2.055             776        (89,171)

Data Path
              name                model name   delay (ns)  cumulative delay (ns) pins on net    location
==========================================================================================================
conv2_recvCntReg[4]~FF|Q         ff               0.141            0.141              7        (89,171) 
conv2_recvCntReg[4]              net              0.272            0.413              7        (89,171) 
   Routing elements:
      Manhattan distance of X:12, Y:9
conv2_inputBuf_0__D$b12|WADDR[1] ram_4096x20     -0.165            0.248              7        (101,162)

Capture Clock Path
            name              model name   delay (ns)  cumulative delay (ns) pins on net    location
======================================================================================================
clk                          inpad           0.000             0.000               0       (0,118)  
clk                          inpad           0.100             0.100               2       (0,118)  
clk                          net             0.160             0.260               2       (0,118)  
   Routing elements:
      Manhattan distance of X:1, Y:0
CLKBUF__0|I                  gbuf            1.795             2.055               2       (1,118)  
CLKBUF__0|O                  gbuf            0.000             2.055             776       (1,118)  
clk~O                        net             0.000             2.055             776       (1,118)  
conv2_inputBuf_0__D$b12|WCLK ram_4096x20     0.000             2.055             776       (101,162)

++++ Path 3 ++++++++++++++++++++++++++++++++++++++++++++++++++++++++++++++++++++

Path Begin    : conv2_recvCntReg[5]~FF|CLK          
Path End      : conv2_inputBuf_0__D$b12|WADDR[2]    
Launch Clock  : clk (RISE)                          
Capture Clock : clk (RISE)                          
Slack         : 0.188 (arrival time - required time)
Delay         : 0.272                               

Logic Level             : 0
Non-global nets on path : 1
Global nets on path     : 0

Launch Clock Path Delay        : 2.055
+ Clock To Q + Data Path Delay : 0.248
--------------------------------------
End-of-path arrival time       : 2.303

Constraint                     : 0.000
+ Capture Clock Path Delay     : 2.055
+ Clock Uncertainty            : 0.060
--------------------------------------
End-of-path required time      : 2.115

Launch Clock Path
           name             model name   delay (ns)  cumulative delay (ns) pins on net    location
====================================================================================================
clk                           inpad        0.000             0.000               0        (0,118) 
clk                           inpad        0.100             0.100               2        (0,118) 
clk                           net          0.160             0.260               2        (0,118) 
   Routing elements:
      Manhattan distance of X:1, Y:0
CLKBUF__0|I                   gbuf         1.795             2.055               2        (1,118) 
CLKBUF__0|O                   gbuf         0.000             2.055             776        (1,118) 
clk~O                         net          0.000             2.055             776        (1,118) 
conv2_recvCntReg[5]~FF|CLK    ff           0.000             2.055             776        (89,172)

Data Path
              name                model name   delay (ns)  cumulative delay (ns) pins on net    location
==========================================================================================================
conv2_recvCntReg[5]~FF|Q         ff               0.141            0.141              7        (89,172) 
conv2_recvCntReg[5]              net              0.272            0.413              7        (89,172) 
   Routing elements:
      Manhattan distance of X:12, Y:10
conv2_inputBuf_0__D$b12|WADDR[2] ram_4096x20     -0.165            0.248              7        (101,162)

Capture Clock Path
            name              model name   delay (ns)  cumulative delay (ns) pins on net    location
======================================================================================================
clk                          inpad           0.000             0.000               0       (0,118)  
clk                          inpad           0.100             0.100               2       (0,118)  
clk                          net             0.160             0.260               2       (0,118)  
   Routing elements:
      Manhattan distance of X:1, Y:0
CLKBUF__0|I                  gbuf            1.795             2.055               2       (1,118)  
CLKBUF__0|O                  gbuf            0.000             2.055             776       (1,118)  
clk~O                        net             0.000             2.055             776       (1,118)  
conv2_inputBuf_0__D$b12|WCLK ram_4096x20     0.000             2.055             776       (101,162)

++++ Path 4 ++++++++++++++++++++++++++++++++++++++++++++++++++++++++++++++++++++

Path Begin    : conv2_recvCntReg[8]~FF|CLK          
Path End      : conv2_inputBuf_0__D$b12|WADDR[5]    
Launch Clock  : clk (RISE)                          
Capture Clock : clk (RISE)                          
Slack         : 0.188 (arrival time - required time)
Delay         : 0.272                               

Logic Level             : 0
Non-global nets on path : 1
Global nets on path     : 0

Launch Clock Path Delay        : 2.055
+ Clock To Q + Data Path Delay : 0.248
--------------------------------------
End-of-path arrival time       : 2.303

Constraint                     : 0.000
+ Capture Clock Path Delay     : 2.055
+ Clock Uncertainty            : 0.060
--------------------------------------
End-of-path required time      : 2.115

Launch Clock Path
           name             model name   delay (ns)  cumulative delay (ns) pins on net    location
====================================================================================================
clk                           inpad        0.000             0.000               0        (0,118) 
clk                           inpad        0.100             0.100               2        (0,118) 
clk                           net          0.160             0.260               2        (0,118) 
   Routing elements:
      Manhattan distance of X:1, Y:0
CLKBUF__0|I                   gbuf         1.795             2.055               2        (1,118) 
CLKBUF__0|O                   gbuf         0.000             2.055             776        (1,118) 
clk~O                         net          0.000             2.055             776        (1,118) 
conv2_recvCntReg[8]~FF|CLK    ff           0.000             2.055             776        (89,175)

Data Path
              name                model name   delay (ns)  cumulative delay (ns) pins on net    location
==========================================================================================================
conv2_recvCntReg[8]~FF|Q         ff               0.141            0.141              7        (89,175) 
conv2_recvCntReg[8]              net              0.272            0.413              7        (89,175) 
   Routing elements:
      Manhattan distance of X:12, Y:13
conv2_inputBuf_0__D$b12|WADDR[5] ram_4096x20     -0.165            0.248              7        (101,162)

Capture Clock Path
            name              model name   delay (ns)  cumulative delay (ns) pins on net    location
======================================================================================================
clk                          inpad           0.000             0.000               0       (0,118)  
clk                          inpad           0.100             0.100               2       (0,118)  
clk                          net             0.160             0.260               2       (0,118)  
   Routing elements:
      Manhattan distance of X:1, Y:0
CLKBUF__0|I                  gbuf            1.795             2.055               2       (1,118)  
CLKBUF__0|O                  gbuf            0.000             2.055             776       (1,118)  
clk~O                        net             0.000             2.055             776       (1,118)  
conv2_inputBuf_0__D$b12|WCLK ram_4096x20     0.000             2.055             776       (101,162)

++++ Path 5 ++++++++++++++++++++++++++++++++++++++++++++++++++++++++++++++++++++

Path Begin    : conv1_wAddrReg[4]~FF|CLK            
Path End      : conv1_weightRom_0|RADDR[3]          
Launch Clock  : clk (RISE)                          
Capture Clock : clk (RISE)                          
Slack         : 0.214 (arrival time - required time)
Delay         : 0.268                               

Logic Level             : 0
Non-global nets on path : 1
Global nets on path     : 0

Launch Clock Path Delay        : 2.055
+ Clock To Q + Data Path Delay : 0.274
--------------------------------------
End-of-path arrival time       : 2.329

Constraint                     : 0.000
+ Capture Clock Path Delay     : 2.055
+ Clock Uncertainty            : 0.060
--------------------------------------
End-of-path required time      : 2.115

Launch Clock Path
          name            model name   delay (ns)  cumulative delay (ns) pins on net    location
==================================================================================================
clk                         inpad        0.000             0.000               0        (0,118) 
clk                         inpad        0.100             0.100               2        (0,118) 
clk                         net          0.160             0.260               2        (0,118) 
   Routing elements:
      Manhattan distance of X:1, Y:0
CLKBUF__0|I                 gbuf         1.795             2.055               2        (1,118) 
CLKBUF__0|O                 gbuf         0.000             2.055             776        (1,118) 
clk~O                       net          0.000             2.055             776        (1,118) 
conv1_wAddrReg[4]~FF|CLK    ff           0.000             2.055             776        (73,205)

Data Path
           name             model name   delay (ns)  cumulative delay (ns) pins on net    location
====================================================================================================
conv1_wAddrReg[4]~FF|Q     ff               0.141            0.141              3         (73,205)
conv1_wAddrReg[4]          net              0.268            0.409              3         (73,205)
   Routing elements:
      Manhattan distance of X:14, Y:3
conv1_weightRom_0|RADDR[3] ram_4096x20     -0.135            0.274              3         (59,202)

Capture Clock Path
         name           model name   delay (ns)  cumulative delay (ns) pins on net    location
================================================================================================
clk                    inpad           0.000             0.000               0        (0,118) 
clk                    inpad           0.100             0.100               2        (0,118) 
clk                    net             0.160             0.260               2        (0,118) 
   Routing elements:
      Manhattan distance of X:1, Y:0
CLKBUF__0|I            gbuf            1.795             2.055               2        (1,118) 
CLKBUF__0|O            gbuf            0.000             2.055             776        (1,118) 
clk~O                  net             0.000             2.055             776        (1,118) 
conv1_weightRom_0|RCLK ram_4096x20     0.000             2.055             776        (59,202)

++++ Path 6 ++++++++++++++++++++++++++++++++++++++++++++++++++++++++++++++++++++

Path Begin    : conv1_inAddrReg[3]~FF|CLK           
Path End      : conv1_inputBuf_0__D$2|RADDR[1]      
Launch Clock  : clk (RISE)                          
Capture Clock : clk (RISE)                          
Slack         : 0.218 (arrival time - required time)
Delay         : 0.272                               

Logic Level             : 0
Non-global nets on path : 1
Global nets on path     : 0

Launch Clock Path Delay        : 2.055
+ Clock To Q + Data Path Delay : 0.278
--------------------------------------
End-of-path arrival time       : 2.333

Constraint                     : 0.000
+ Capture Clock Path Delay     : 2.055
+ Clock Uncertainty            : 0.060
--------------------------------------
End-of-path required time      : 2.115

Launch Clock Path
          name             model name   delay (ns)  cumulative delay (ns) pins on net    location
===================================================================================================
clk                          inpad        0.000             0.000               0        (0,118) 
clk                          inpad        0.100             0.100               2        (0,118) 
clk                          net          0.160             0.260               2        (0,118) 
   Routing elements:
      Manhattan distance of X:1, Y:0
CLKBUF__0|I                  gbuf         1.795             2.055               2        (1,118) 
CLKBUF__0|O                  gbuf         0.000             2.055             776        (1,118) 
clk~O                        net          0.000             2.055             776        (1,118) 
conv1_inAddrReg[3]~FF|CLK    ff           0.000             2.055             776        (79,223)

Data Path
             name               model name   delay (ns)  cumulative delay (ns) pins on net    location
========================================================================================================
conv1_inAddrReg[3]~FF|Q        ff               0.141            0.141              4         (79,223)
conv1_inAddrReg[3]             net              0.272            0.413              4         (79,223)
   Routing elements:
      Manhattan distance of X:12, Y:1
conv1_inputBuf_0__D$2|RADDR[1] ram_4096x20     -0.135            0.278              4         (91,222)

Capture Clock Path
           name             model name   delay (ns)  cumulative delay (ns) pins on net    location
====================================================================================================
clk                        inpad           0.000             0.000               0        (0,118) 
clk                        inpad           0.100             0.100               2        (0,118) 
clk                        net             0.160             0.260               2        (0,118) 
   Routing elements:
      Manhattan distance of X:1, Y:0
CLKBUF__0|I                gbuf            1.795             2.055               2        (1,118) 
CLKBUF__0|O                gbuf            0.000             2.055             776        (1,118) 
clk~O                      net             0.000             2.055             776        (1,118) 
conv1_inputBuf_0__D$2|RCLK ram_4096x20     0.000             2.055             776        (91,222)

++++ Path 7 ++++++++++++++++++++++++++++++++++++++++++++++++++++++++++++++++++++

Path Begin    : conv1_inAddrReg[5]~FF|CLK           
Path End      : conv1_inputBuf_0__D$2|RADDR[3]      
Launch Clock  : clk (RISE)                          
Capture Clock : clk (RISE)                          
Slack         : 0.218 (arrival time - required time)
Delay         : 0.272                               

Logic Level             : 0
Non-global nets on path : 1
Global nets on path     : 0

Launch Clock Path Delay        : 2.055
+ Clock To Q + Data Path Delay : 0.278
--------------------------------------
End-of-path arrival time       : 2.333

Constraint                     : 0.000
+ Capture Clock Path Delay     : 2.055
+ Clock Uncertainty            : 0.060
--------------------------------------
End-of-path required time      : 2.115

Launch Clock Path
          name             model name   delay (ns)  cumulative delay (ns) pins on net    location
===================================================================================================
clk                          inpad        0.000             0.000               0        (0,118) 
clk                          inpad        0.100             0.100               2        (0,118) 
clk                          net          0.160             0.260               2        (0,118) 
   Routing elements:
      Manhattan distance of X:1, Y:0
CLKBUF__0|I                  gbuf         1.795             2.055               2        (1,118) 
CLKBUF__0|O                  gbuf         0.000             2.055             776        (1,118) 
clk~O                        net          0.000             2.055             776        (1,118) 
conv1_inAddrReg[5]~FF|CLK    ff           0.000             2.055             776        (79,225)

Data Path
             name               model name   delay (ns)  cumulative delay (ns) pins on net    location
========================================================================================================
conv1_inAddrReg[5]~FF|Q        ff               0.141            0.141              4         (79,225)
conv1_inAddrReg[5]             net              0.272            0.413              4         (79,225)
   Routing elements:
      Manhattan distance of X:12, Y:3
conv1_inputBuf_0__D$2|RADDR[3] ram_4096x20     -0.135            0.278              4         (91,222)

Capture Clock Path
           name             model name   delay (ns)  cumulative delay (ns) pins on net    location
====================================================================================================
clk                        inpad           0.000             0.000               0        (0,118) 
clk                        inpad           0.100             0.100               2        (0,118) 
clk                        net             0.160             0.260               2        (0,118) 
   Routing elements:
      Manhattan distance of X:1, Y:0
CLKBUF__0|I                gbuf            1.795             2.055               2        (1,118) 
CLKBUF__0|O                gbuf            0.000             2.055             776        (1,118) 
clk~O                      net             0.000             2.055             776        (1,118) 
conv1_inputBuf_0__D$2|RCLK ram_4096x20     0.000             2.055             776        (91,222)

++++ Path 8 ++++++++++++++++++++++++++++++++++++++++++++++++++++++++++++++++++++

Path Begin    : conv1_inAddrReg[7]~FF|CLK           
Path End      : conv1_inputBuf_0__D$1|RADDR[5]      
Launch Clock  : clk (RISE)                          
Capture Clock : clk (RISE)                          
Slack         : 0.218 (arrival time - required time)
Delay         : 0.272                               

Logic Level             : 0
Non-global nets on path : 1
Global nets on path     : 0

Launch Clock Path Delay        : 2.055
+ Clock To Q + Data Path Delay : 0.278
--------------------------------------
End-of-path arrival time       : 2.333

Constraint                     : 0.000
+ Capture Clock Path Delay     : 2.055
+ Clock Uncertainty            : 0.060
--------------------------------------
End-of-path required time      : 2.115

Launch Clock Path
          name             model name   delay (ns)  cumulative delay (ns) pins on net    location
===================================================================================================
clk                          inpad        0.000             0.000               0        (0,118) 
clk                          inpad        0.100             0.100               2        (0,118) 
clk                          net          0.160             0.260               2        (0,118) 
   Routing elements:
      Manhattan distance of X:1, Y:0
CLKBUF__0|I                  gbuf         1.795             2.055               2        (1,118) 
CLKBUF__0|O                  gbuf         0.000             2.055             776        (1,118) 
clk~O                        net          0.000             2.055             776        (1,118) 
conv1_inAddrReg[7]~FF|CLK    ff           0.000             2.055             776        (73,227)

Data Path
             name               model name   delay (ns)  cumulative delay (ns) pins on net    location
========================================================================================================
conv1_inAddrReg[7]~FF|Q        ff               0.141            0.141              4         (73,227)
conv1_inAddrReg[7]             net              0.272            0.413              4         (73,227)
   Routing elements:
      Manhattan distance of X:12, Y:5
conv1_inputBuf_0__D$1|RADDR[5] ram_4096x20     -0.135            0.278              4         (85,222)

Capture Clock Path
           name             model name   delay (ns)  cumulative delay (ns) pins on net    location
====================================================================================================
clk                        inpad           0.000             0.000               0        (0,118) 
clk                        inpad           0.100             0.100               2        (0,118) 
clk                        net             0.160             0.260               2        (0,118) 
   Routing elements:
      Manhattan distance of X:1, Y:0
CLKBUF__0|I                gbuf            1.795             2.055               2        (1,118) 
CLKBUF__0|O                gbuf            0.000             2.055             776        (1,118) 
clk~O                      net             0.000             2.055             776        (1,118) 
conv1_inputBuf_0__D$1|RCLK ram_4096x20     0.000             2.055             776        (85,222)

++++ Path 9 ++++++++++++++++++++++++++++++++++++++++++++++++++++++++++++++++++++

Path Begin    : conv1_inAddrReg[6]~FF|CLK           
Path End      : conv1_inputBuf_0__D$1|RADDR[4]      
Launch Clock  : clk (RISE)                          
Capture Clock : clk (RISE)                          
Slack         : 0.218 (arrival time - required time)
Delay         : 0.272                               

Logic Level             : 0
Non-global nets on path : 1
Global nets on path     : 0

Launch Clock Path Delay        : 2.055
+ Clock To Q + Data Path Delay : 0.278
--------------------------------------
End-of-path arrival time       : 2.333

Constraint                     : 0.000
+ Capture Clock Path Delay     : 2.055
+ Clock Uncertainty            : 0.060
--------------------------------------
End-of-path required time      : 2.115

Launch Clock Path
          name             model name   delay (ns)  cumulative delay (ns) pins on net    location
===================================================================================================
clk                          inpad        0.000             0.000               0        (0,118) 
clk                          inpad        0.100             0.100               2        (0,118) 
clk                          net          0.160             0.260               2        (0,118) 
   Routing elements:
      Manhattan distance of X:1, Y:0
CLKBUF__0|I                  gbuf         1.795             2.055               2        (1,118) 
CLKBUF__0|O                  gbuf         0.000             2.055             776        (1,118) 
clk~O                        net          0.000             2.055             776        (1,118) 
conv1_inAddrReg[6]~FF|CLK    ff           0.000             2.055             776        (73,226)

Data Path
             name               model name   delay (ns)  cumulative delay (ns) pins on net    location
========================================================================================================
conv1_inAddrReg[6]~FF|Q        ff               0.141            0.141              4         (73,226)
conv1_inAddrReg[6]             net              0.272            0.413              4         (73,226)
   Routing elements:
      Manhattan distance of X:12, Y:4
conv1_inputBuf_0__D$1|RADDR[4] ram_4096x20     -0.135            0.278              4         (85,222)

Capture Clock Path
           name             model name   delay (ns)  cumulative delay (ns) pins on net    location
====================================================================================================
clk                        inpad           0.000             0.000               0        (0,118) 
clk                        inpad           0.100             0.100               2        (0,118) 
clk                        net             0.160             0.260               2        (0,118) 
   Routing elements:
      Manhattan distance of X:1, Y:0
CLKBUF__0|I                gbuf            1.795             2.055               2        (1,118) 
CLKBUF__0|O                gbuf            0.000             2.055             776        (1,118) 
clk~O                      net             0.000             2.055             776        (1,118) 
conv1_inputBuf_0__D$1|RCLK ram_4096x20     0.000             2.055             776        (85,222)

++++ Path 10 +++++++++++++++++++++++++++++++++++++++++++++++++++++++++++++++++++

Path Begin    : conv1_inAddrReg[4]~FF|CLK           
Path End      : conv1_inputBuf_0__D$1|RADDR[2]      
Launch Clock  : clk (RISE)                          
Capture Clock : clk (RISE)                          
Slack         : 0.218 (arrival time - required time)
Delay         : 0.272                               

Logic Level             : 0
Non-global nets on path : 1
Global nets on path     : 0

Launch Clock Path Delay        : 2.055
+ Clock To Q + Data Path Delay : 0.278
--------------------------------------
End-of-path arrival time       : 2.333

Constraint                     : 0.000
+ Capture Clock Path Delay     : 2.055
+ Clock Uncertainty            : 0.060
--------------------------------------
End-of-path required time      : 2.115

Launch Clock Path
          name             model name   delay (ns)  cumulative delay (ns) pins on net    location
===================================================================================================
clk                          inpad        0.000             0.000               0        (0,118) 
clk                          inpad        0.100             0.100               2        (0,118) 
clk                          net          0.160             0.260               2        (0,118) 
   Routing elements:
      Manhattan distance of X:1, Y:0
CLKBUF__0|I                  gbuf         1.795             2.055               2        (1,118) 
CLKBUF__0|O                  gbuf         0.000             2.055             776        (1,118) 
clk~O                        net          0.000             2.055             776        (1,118) 
conv1_inAddrReg[4]~FF|CLK    ff           0.000             2.055             776        (73,224)

Data Path
             name               model name   delay (ns)  cumulative delay (ns) pins on net    location
========================================================================================================
conv1_inAddrReg[4]~FF|Q        ff               0.141            0.141              4         (73,224)
conv1_inAddrReg[4]             net              0.272            0.413              4         (73,224)
   Routing elements:
      Manhattan distance of X:12, Y:2
conv1_inputBuf_0__D$1|RADDR[2] ram_4096x20     -0.135            0.278              4         (85,222)

Capture Clock Path
           name             model name   delay (ns)  cumulative delay (ns) pins on net    location
====================================================================================================
clk                        inpad           0.000             0.000               0        (0,118) 
clk                        inpad           0.100             0.100               2        (0,118) 
clk                        net             0.160             0.260               2        (0,118) 
   Routing elements:
      Manhattan distance of X:1, Y:0
CLKBUF__0|I                gbuf            1.795             2.055               2        (1,118) 
CLKBUF__0|O                gbuf            0.000             2.055             776        (1,118) 
clk~O                      net             0.000             2.055             776        (1,118) 
conv1_inputBuf_0__D$1|RCLK ram_4096x20     0.000             2.055             776        (85,222)

---------- Path Details for Min Critical Paths (end) ---------------

